lemma	freq	ours	OpenGNT
λέγω	2255	decir, contar	estando diciendo (414) · está diciendo (241) · estoy diciendo (168)
ἀκούω	428	oír, escuchar	habiendo oído (63) · estando oyendo (38) · oí (34)
ἐξέρχομαι	217	salir, marcharse	vino hacia fuera (60) · habiendo venido hacia fuera (46) · vinieron hacia fuera (21)
εἰσέρχομαι	192	entrar	vino hacia dentro (40) · venir hacia dentro (37) · habiendo venido hacia dentro (34)
μέν	180	en verdad, por una parte	de hecho (179)
ὄχλος	174	multitud, gentío	muchedumbre (111) · muchedumbres (57) · a muchedumbre (4)
ἄν	164	(partícula condicional intraducible)	probable (165) · Probable (1)
προφήτης	144	profeta	voceros (72) · vocero (53) · Vocero (5)
βλέπω	133	mirar, ver	estando viendo (27) · Estén viendo (17) · están viendo (14)
ἀπέρχομαι	117	partir, irse	vino desde (37) · habiendo venido desde (25) · vinieron desde (17)
παρακαλέω	109	consolar, exhortar, invitar	estaban suplicando (9) · estando suplicando (6) · estaba suplicando (6)
καλός	102	hermoso, bueno	excelente (69) · excelentes (13) · de excelentes (5)
γεννάω	97	engendrar, dar a luz	generó (42) · ha sido generado (14) · habiendo sido generado (7)
ἀκολουθέω	90	seguir, acompañar	siguieron (18) · estaba siguiendo (12) · estando siguiendo (11)
προσέρχομαι	87	acercarse, aproximarse	habiendo venido hacia (34) · vinieron hacia (17) · Habiendo venido hacia (8)
ὑπάγω	79	irse, marcharse	estés yendo (14) · estoy yendo (13) · está yendo (11)
ῥῆμα	67	palabra, dicho; cosa, asunto	declaraciones (32) · declaración (30) · declaración expresada (2)
πρεσβύτερος	66	anciano; (sust.) presbítero	hombres de mayor edad (53) · hombre de mayor edad (3) · hombres más antiguos (2)
φημί	66	decir	estaba diciendo (28) · está diciendo (17) · Estaba diciendo (15)
δοξάζω	61	glorificar, honrar, alabar	estaban dando esplendor (6) · estando dando esplendor (5) · le fue dado esplendor (5)
χαρά	59	gozo, alegría	regocijo (54) · a regocijo (3) · de regocijo (2)
ἐπερωτάω	56	preguntar, interrogar	inquirió (15) · estaba inquiriendo (9) · estaban inquiriendo (8)
λοιπός	55	restante, los demás	sobrantes (38) · sobrantes (cosas) (1) · sobrantes (granos) (1)
ἄρα	53	entonces, por tanto	realmente (28) · Realmente (21)
μακάριος	50	feliz, bienaventurado	Dichosos (20) · Dichoso (11) · dichoso (8)
φανερόω	49	revelar, dar a conocer	fue manifestado (6) · sea hecho manifiesto (5) · manifestó (5)
κρατέω	47	agarrar, sujetar, retener	habiendo asido firmemente (9) · asieron firmemente (6) · asir firmemente (4)
σταυρόω	46	crucificar	fijaron em madero de ejecución (6) · ha sido fijado en madero de ejecución (5) · fue fijado en madero de ejecución (5)
ἀπαγγέλλω	46	anunciar, informar, proclamar	dieron mensaje (12) · dio mensaje (8) · den mensaje (4)
ναός	45	templo, santuario	habitación divina (43) · habitaciones divinas (2)
φωνέω	42	llamar, gritar	emitió voz (8) · está emitiendo voz (6) · habiendo emitido voz (6)
ἀνάστασις	42	resurrección	levantamiento (40) · de levantamiento (1) · poner(se) de pie de nuevo (1)
Ἰάκωβος	42	Santiago	Jacobo (25) · a Jacobo (9) · de Jacobo (7)
διέρχομαι	41	atravesar, pasar por	venir a través (6) · vino a través (5) · habiendo venido a través (4)
πειράζω	39	probar, tentar	estando poniendo a prueba (8) · estando siendo puesto a prueba (4) · ser puesto a prueba (2)
πλανάω	39	extraviar, engañar	estén siendo hechos errar (4) · estando haciendo errar (4) · estando siendo hechos errar (4)
ὑποτάσσω	38	someter, subordinar	está siendo sujetado (3) · habiendo sujetado (3) · estar sujetándose (3)
καλῶς	36	bien, hermosamente	excelentemente (17) · apropiadamente (9) · Apropiadamente (4)
βλασφημέω	34	blasfemar	estando hablando injuriosamente (7) · estar hablando injuriosamente (3) · están hablando injuriosamente (3)
μετανοέω	34	arrepentirse	cambiaron de mente (6) · habiendo cambiado de mente (4) · estén cambiando de mente (4)
ἀναγινώσκω	32	leer	leyeron (11) · estando leyendo (5) · estás leyendo? (2)
ὑπομονή	32	perseverancia, paciencia	aguante (30) · a aguante (1) · de aguante (1)
πλήν	31	pero, salvo	Además (20) · además (9) · excepto (2)
διάκονος	30	servidor, diácono	siervo (15) · siervos (8) · Siervos (3)
μισθός	29	salario, recompensa	galardón (16) · sueldo (9) · a sueldo (2)
προφητεύω	28	profetizar	habló como vocero (4) · estando hablando como vocero (4) · Habla como vocero (3)
τελέω	28	terminar, cumplir	completó (5) · sea completado (4) · completen (3)
σταυρός	27	cruz	madero de ejecución (26) · (en) madero de ejecución (1)
ἀποκαλύπτω	26	revelar, descubrir	quitar cubierta (3) · ser quitada cubierta (3) · será quitada cubierta (2)
φιλέω	25	amar, querer	estando teniendo cariño (6) · está teniendo cariño (3) · estaba teniendo cariño (3)
ἀναιρέω	24	quitar, abolir; matar	tomar hacia arriba (6) · tomen hacia arriba (3) · tomó hacia arriba (2)
θυσιαστήριον	23	altar	lugar de sacrificio (21) · lugares de sacrificio (1) · lugar de sacrificio? (1)
κοιλία	23	vientre, seno	cavidad (21) · cavidades (1)
περιβάλλω	23	vestir, envolver	ha sido puesto alrededor (4) · se puso (ropa) alrededor (2) · echaron (ropa) alrededor de (2)
καθεύδω	22	dormir	estando durmiendo (7) · está durmiendo (3) · Están durmiendo (2)
κατεργάζομαι	22	producir, llevar a cabo	está obrando hacia abajo (3) · está obrando completamente (3) · obró plenamente (3)
μετάνοια	22	arrepentimiento, conversión	cambio de mente (12) · de cambio de mente (7) · a cambio de mente (3)
ἐκλέγω	22	escoger, elegir	seleccionó (5) · seleccionó para sí (5) · seleccioné (3)
ἐκλεκτός	22	escogido, elegido	seleccionados (13) · seleccionada (4) · seleccionado (2)
ἐνεργέω	21	obrar, actuar, producir	estando operando (5) · estando operando en (4) · están operando (3)
βάπτισμα	20	bautismo	sumergimiento (18) · Sumergimiento (1)
τοσοῦτος	20	tan grande, tanto	tal cantidad (7) · Tal cantidad (3) · tal cantidad de (2)
ἐφίστημι	20	presentarse, acercarse	habiendo puesto de pie sobre (8) · (se) pusieron de pie sobre (5) · ha puesto de pie sobre (3)
ὑπηρέτης	20	servidor, ayudante	subordinados auxiliares (13) · subordinado auxiliar (4) · a subordinados auxiliares (3)
ὑψόω	20	levantar, exaltar	puso en alto (4) · será elevado (3) · estando elevando (2)
γεωργός	19	labrador, viñador	cultivadores (13) · a cultivadores (3) · cultivador (3)
δῶρον	19	don, regalo, ofrenda	dádivas (9) · dádiva (8) · Dádiva (1)
μεριμνάω	19	afanarse, preocuparse	tengan ansiedad (4) · estén en ansiedad (3) · ansiará (2)
βλασφημία	18	blasfemia	habla injuriosa (10) · habladas injuriosas (5) · de habla injuriosa (2)
κόπος	18	trabajo, fatiga	labor (6) · labores afanosas (5) · labor afanosa (2)
ἀποκάλυψις	18	revelación, apocalipsis	quitar el velo (7) · quitar cubierta (6) · de quitar cubierta (2)
ἐμβαίνω	18	entrar, embarcarse	habiendo puesto planta de pie en (8) · puso planta de pie en (2) · pusieron planta de pie en (2)
πλησίον	17	cerca; el prójimo	vecino (14) · vecino? (2) · vecina (1)
ἐξίστημι	17	asombrarse, quedar atónito	estuvieron fuera de sí (5) · Estaban poniéndose fuera de sí (3) · estaban poniéndose fuera de sí (2)
δέσμιος	16	preso, prisionero	atado (11) · atados (4) · a atado (1)
περισσῶς	16	en gran manera, sobremanera	abundantemente (4)
ἀθετέω	16	rechazar, anular	estando poniendo a un lado (4) · está poniendo a un lado (4) · están poniendo a un lado (2)
ἀνακρίνω	16	examinar, interrogar	estando escudriñando (5) · habiendo escudriñado (4) · está siendo escudriñado (3)
γέ	15	al menos, ciertamente	pues (18)
εὐσέβεια	15	piedad, devoción	bien-reverenciar (8) · a bien-reverenciar (5) · de reverenciar bien (1)
κατέρχομαι	15	bajar, descender	habiendo venido hacia abajo (5) · vinieron hacia abajo (4) · vino hacia abajo (2)
λῃστής	15	ladrón, salteador	asaltante (5) · asaltantes (5) · de asaltantes (4)
συμφέρω	15	convenir, ser provechoso	está siendo ventajoso (10) · estando llevando juntamente (3) · ventajoso (2)
ἀνομία	15	iniquidad, maldad	ilegalidad (11) · ilegalidades (2) · de ilegalidad (1)
εὐφραίνω	14	alegrar; (pas.) alegrarse	estando siendo ser bien de mente (2) · estés siendo bien de mente (1) · seamos hechos estar bien de mente (1)
μακροθυμία	14	paciencia, longanimidad	largura de ánimo (14)
νοέω	14	entender, comprender	están ejerciendo la mente (5) · esté ejerciendo la mente -- (2) · estamos ejerciendo la mente (2)
σεισμός	14	terremoto, tempestad	movimiento sacudidor (11) · movimientos sacudidores (2) · Movimientos sacudidores (1)
στηρίζω	14	afirmar, fortalecer, establecer	hacer fijos firmemente (3) · hagas fijos firmemente (2) · fijó firmemente (1)
ἀνθίστημι	14	oponerse, resistir	poner de pie en contra (4) · Estaban poniéndose de pie en contra (1) · (se) ha puesto de pie en posición opuesta? (1)
ἐκπλήσσω	13	asombrarse	estaban siendo estar atónitos (6) · estaban siendo estar atónitas (2) · estar siendo atónitos (1)
καταντάω	13	llegar a, alcanzar	Arribó (1) · Arribaron (1) · encontró de frente (1)
καταρτίζω	13	restaurar, preparar, perfeccionar	estando ajustando (alineando) hacia abajo (2) · ajustaste completamente (2) · ha sido ajustado (alineado) hacia abajo (1)
κλέπτω	13	robar	están hurtando (2) · hurtarás (2) · hurtes (2)
παιδίσκη	13	criada, esclava	sirvienta (10) · sirvientas (1) · siervas (1)
ἀναγγέλλω	13	anunciar, dar a conocer	declarará (4) · estando declarando (2) · declarar (2)
ἐλεημοσύνη	13	limosna, caridad	dádiva de misericordia (8) · dádivas de misericordia (5)
κολλάω	12	unirse	estar siendo adherido (2) · estando siendo adherido (2) · será hecho adherirse (1)
βῆμα	12	tribunal, estrado	asiento de juicio (8) · lugar para asentar el pie (3) · espacio de pisada (1)
λίαν	12	mucho, en gran manera	sumamente (10) · superlativamente (1) · excesivamente (1)
μάλιστα	12	sobre todo, especialmente	mayormente (11) · Mayormente (1)
μεταβαίνω	12	pasar, trasladarse, marcharse	habiendo desplazado (3) · (se) desplace (2) · Desplaza (2)
πῶλος	12	pollino, borriquillo	asno (joven) (9) · asno (joven)? (2) · asno joven (1)
συνέχω	12	apretar, oprimir, constreñir	estando siendo afligidos (1) · estando siendo afligida (1) · estaban siendo hechos tener juntamente (1)
ἀσκός	12	odre	bolsas de piel (12)
ἔσωθεν	12	por dentro, desde dentro	interiormente (9) · interior (2) · Interiormente (1)
κομίζω	11	traer, recibir, recuperar	habiéndome llevado (1) · habiendo llevado (1) · obtenga (1)
πραΰτης	11	mansedumbre, humildad	apacibilidad (8) · de apacibilidad (2) · de apacibilidad? (1)
πυνθάνομαι	11	preguntar, informarse	estaba inquiriendo (5) · estaban inquiriendo (2) · Inquirió (1)
σπουδάζω	11	esforzarse, apresurarse	Procura diligentemente (3) · procuren diligentemente (2) · procuré diligentemente (1)
σφόδρα	11	muchísimo, en gran manera	excesivamente (11)
τελευτάω	11	morir, acabar	finalizó (3) · esté finalizando (2) · Habiendo finalizado (1)
χιτών	11	túnica	prendas interiores de vestir (6) · prenda de vestir interior (5)
ἀπιστία	11	incredulidad, infidelidad	falta de confianza (10) · carente de confianza (1)
ἐξουθενέω	11	despreciar, menospreciar	considerando como nada (1) · Habiendo considerado como nada (1) · habiendo sido considerado como nada (1)
ἐπισκέπτομαι	11	visitar, cuidar de	vieron sobre (2) · vió sobre (1) · verá sobre (1)
πλατύς	10	calles	caminos anchos (6) · camino ancho (3) · ancha (1)
μνῆμα	10	sepulcro, monumento	tumba conmemorativa (5) · tumbas conmemorativas (3)
πλεονεξία	10	codicia, avaricia	deseo de tener más (6) · (deseos) de tener más (1) · de deseo de tener más (1)
πόρνος	10	fornicario	individuos sexualmente inmorales (2) · que cometen inmoralidad sexual (2) · individuo sexualmente inmoral (2)
σιωπάω	10	callar, enmudecer	estaba silencioso (2) · estaban siendo silenciosos (2) · (se) silencien (1)
σύνδουλος	10	consiervo	coesclavo (6) · coesclavos (4)
φείδομαι	10	perdonar, abstenerse	eximió (4) · estando eximiendo (2) · estoy eximiendo (2)
χωρέω	10	dar cabida, contener, admitir	está haciendo lugar (2) · estar haciendo lugar (2) · están haciendo lugar (1)
ἀσέλγεια	10	libertinaje, lascivia	conducta desvergonzada (6) · a actos de conducta desvergonzada (3) · actos de conducta desvergonzada (1)
βέβαιος	9	seguro	estable (6) · estabilizada (1) · más estable (1)
γνώμη	9	juicio	opinión (5) · manera de pensar (3) · de vista mental (1)
διατρίβω	9	quedarse	estaba gastando (tiempo) (2) · gastaron (1) · Estaban gastando (1)
εὐδοκία	9	buena voluntad	pensar bien de (7) · de pensar bien de (2)
καθαιρέω	9	bajar	habiendo tomado hacia abajo (4) · tomar hacia abajo (1) · Tomó hacia abajo (1)
κατάγω	9	traer	habiendo conducido hacia abajo (2) · condujeron hacia abajo (1) · conduzca hacia abajo (1)
κλαυθμός	9	llorar	llanto (9)
κραυγάζω	9	gritar	Alzaron voz (2) · alzaron voz (2) · alzará voz (1)
κρούω	9	llamar a la puerta	estando tocando (3) · estén tocando (2) · habiendo tocado (1)
μεταπέμπω	9	convocar	envía por (2) · envió por (2) · habiendo sido enviado para (venir) (1)
προέρχομαι	9	avanzar	habiendo venido hacia (4) · vinieron hacia (adelante de) (1) · irá hacia (adelante) (1)
στολή	9	túnicas	prendas de vestir largas (6) · prenda de vestir (2) · prenda de vestir larga (1)
φόνος	9	homicidio	asesinato (4) · asesinatos (3) · de asesinato (2)
ἀλείφω	9	ungido	untó (2) · habiendo untado (2) · úntate (1)
ἀναγκάζω	9	obligar	puso bajo necesidad (2) · pon bajo necesidad (1) · estaba poniendo bajo necesidad (1)
ἀνατέλλω	9	amanecer	habiendo salido (2) · (se) levantó (1) · está levantando (1)
ἀπολαμβάνω	9	quitar	habiendo tomado desde (1) · reciban de regreso (1) · recibió de regreso (1)
ἀποστρέφω	9	apartarse de	seas hecho dar vuelta (1) · Da vuelta (1) · estando amotinando (1)
ἀσεβής	9	impío	irreverentes (4) · irreverente (2) · a irreverentes (2)
ἔσω	9	dentro	interior (9)
ὑστέρημα	9	necesidad	faltante (6) · faltantes (2) · faltantes (cosas) (1)
βεβαιόω	8	confirmar	estando estabilizando (2) · fue estabilizado (2) · estabilizar (1)
βοῦς	8	bueyes	toros (3) · toro (2) · de toros (1)
βρέφος	8	niño de pecho	bebé (4) · bebés (3) · infancia (1)
διηγέομαι	8	contar	relataron (2) · relató (2) · relaten (1)
εἰσφέρω	8	conducir	lleves hacia dentro (2) · lleven hacia dentro (2) · llevar hacia adentro (1)
εὐλογητός	8	bienaventurado	Bendito (4) · bendito (3) · Bendito? (1)
καλύπτω	8	oculto	ha sido encubierto (2) · está cubriendo (2) · estar siendo cubierta (1)
κοινωνέω	8	contribuir	estando teniendo en común (1) · compartieron (1) · Esté teniendo en común (1)
κύκλῳ	8	alrededor	a círculo (7) · (en) círculo (1)
μυριάς	8	miríadas	diez miles (4) · a diez miles (2) · de diez mil (1)
πάντως	8	en absoluto	De todas maneras (3) · de todas maneras (3) · enteramente (2)
περιτίθημι	8	vestir	habiendo puesto alrededor (3) · puso alrededor (2) · pusieron alrededor (1)
προΐστημι	8	administrar	estando poniéndose de pie ante (2) · estando poniéndose de pie hacia (2) · estar poniéndose de pie hacia (2)
προσπίπτω	8	postrarse ante	cayó hacia (5) · cayeron hacia (1) · estaban cayendo hacia (1)
σαπρός	8	malo	podrido (6) · podridos (1) · podrida (1)
συγκαλέω	8	convocar	están llamando juntando (1) · Habiendo llamado juntamente (1) · está llamando juntamente (1)
συμβαίνω	8	suceder	estar aconteciendo (1) · han acontecido (1) · ha acontecido (1)
τάσσω	8	designado	pusieron en orden (2) · ordenó (1) · estando siendo puesto en orden (1)
χάραγμα	8	marca	(grabado) cincelado (7) · a (escultura) cincelada (1)
ἀγωνίζομαι	8	esforzarse	estando luchando vigorosamente (3) · Estén agonizando luchando vigorosamente (1) · estaban agonizando luchando vigorosamente (1)
ἀρκέω	8	saciarse	sea suficiente (1) · estén siendo quedar satisfechos (1) · están siendo suficientes (1)
ἄμωμος	8	irreprensible	sin mancha (6) · sin tacha (2) · especia aromática de la India (1)
ἐκφέρω	8	sacar	habiendo llevado hacia fuera (2) · llevó hacia fuera (1) · traigan (1)
ἐνέργεια	8	obrar	operación en (8)
ἐναντίος	8	contrario	opuesto (4) · (lugar) opuesto (2) · opuestos (1)
ἐξαιρέω	8	arrancar	alza hacia fuera (2) · alzó hacia fuera (2) · alzar hacia fuera (1)
ὀξύς	8	agudo	filosa (7) · Filosos (1)
ὀργίζω	8	enojarse	habiendo sido hecho enfurecerse (2) · fue hecho enfurecerse (2) · estando siendo hecho enfurecerse (1)
ὀσφῦς	8	cintura	lomos (5) · lomo (3)
ῥίπτω	8	desechar	habiendo arrojado (2) · han sido lanzadas (en dispersión) (1) · arrojaron (1)
βραχύς	7	un poco	corto (tiempo) (4) · corta (pieza) (1) · corto (1)
δηλόω	7	dar a entender	Fue hecho evidente (1) · hará evidente (1) · habiendo evidenciado (1)
διαστρέφω	7	pervertido	ha sido torcida por completo (2) · estando torciendo completamente (2) · torcer completamente (1)
διατίθημι	7	hacer	pactaré (2) · estoy pactando (1) · pactó (1)
καθαρισμός	7	purificación	limpieza (7)
κλίνω	7	poner	esté inclinando (2) · estar declinando (1) · estando inclinando (1)
κτάομαι	7	llevar consigo	adquieran (2) · adquirir (2) · estoy adquiriendo (1)
κυριεύω	7	gobernar	están enseñoreando (1) · está siendo amo sobre (él) (1) · será amo sobre (1)
λάμπω	7	brillar	resplandeció (3) · está alumbrando (1) · resplandezca (1)
πάλαι	7	hace mucho	de antiguo (6) · ¿De antiguo (1)
πρέπω	7	conveniente	está siendo apropiado (3) · estando siendo apropiado (1) · ¿Estando siendo apropiado (1)
προσμένω	7	continuar	están permaneciendo hacia (2) · estar permaneciendo hacia (2) · habiendo permanecido hacia (1)
προστάσσω	7	mandar	ordenó (4) · han sido ordenadas (1) · Ordenó (1)
προσφωνέω	7	gritar	emitió voz hacia (3) · están emitiendo voz (1) · emitió voz hacia (sí) (1)
σπεῖρα	7	cohorte	compañía de soldados (2) · cuerpo de soldados (2) · banda (2)
στοιχεῖον	7	rudimentos	cosas elementales (5) · elementos (2)
συμβιβάζω	7	demostrar	estando siendo hecho ir juntamente (2) · estando haciendo venir juntamente (1) · estando haciendo ir juntamente (1)
συντρίβω	7	magullado	ha sido estropeada (1) · haber sido quebrados (1) · habiendo quebrado (1)
τάχος	7	prontitud	rapidez (8)
φθάνω	7	venir	alcanzó (3) · alcanzamos (2) · Alcanzó (1)
φιμόω	7	callar	Seas con bozal (2) · pondrás bozal (2) · le fue puesto bozal (1)
φονεύς	7	homicidas	asesinos (4) · asesino (3)
φυσιόω	7	envanecerse	han sido hinchados (2) · estén siendo hinchados (1) · fueron hinchados (1)
χρηστός	7	género, clase	agradablemente bueno (4) · bondad (1) · agradablemente buenos (1)
ἀγέλη	7	manada	rebaño (7)
ἀνταποδίδωμι	7	pagar	será recompensado (2) · entregaré en cambio equivalente (2) · dar de regreso en cambio (2)
ἀτιμάζω	7	tratar con afrenta	deshonraron (2) · habiendo deshonrado (1) · están deshonrando (1)
ἀφθαρσία	7	inmortalidad	incorrupción (8)
ἐκλογή	7	elección	selección (6) · de selección (1)
ἐνίστημι	7	lo presente	ha puesto de pie (2) · ha puesto de pie en (2) · (cosas) han puesto de pie en (1)
ἐνδυναμόω	7	ser fortalecido	estaba siendo hecho más poderoso (1) · fue hecho poderoso (1) · estén siendo hechos poderosos (1)
ἐπίκειμαι	7	recostado	estando yaciendo sobre (2) · estar yaciendo sobre (1) · estaban yaciendo sobre (1)
ἐπιστάτης	7	maestro, señor	Instructor (7)
ἐπιταγή	7	mandamiento	imposición (7)
ἐριθεία	7	egoísmo	contención facciosa (4) · altercados (2) · contenciones facciosas (1)
ἔκστασις	7	asombro	éxtasis (5) · a éxtasis (1) · de éxtasis (1)
ὑποπόδιον	7	estrado	a escabel (4) · escabel (3)
ῥήγνυμι	7	reventar	rasgará (2) · despedacen (1) · están siendo rasgadas (1)
αἰγιαλός	6	orilla	playa (6)
βάρβαρος	6	extranjero	bárbaro (3) · bárbaros (2) · a bárbaros (1)
βδέλυγμα	6	abominación	cosa repugnante (4) · de cosas repugnantes (1) · cosas repugnantes (1)
βουλεύω	6	deliberar	tomará consejo (1) · tomaron consejo (1) · Tomaron consejo (1)
διεγείρω	6	despertado	habiendo sido levantado completamente (1) · levantaron completamente (1) · habiendo sido levantado (1)
θαρρέω	6	confiar	estoy teniendo buen ánimo (2) · Estando siendo de buen ánimo (1) · Estamos siendo de buen ánimo (1)
κάρφος	6	astilla	paja (6)
καταπέτασμα	6	velo	cortina (6)
κιβωτός	6	arca	caja (5) · de caja (1)
κραυγή	6	llanto	clamor (4) · a clamor (1) · gritería (1)
κόφινος	6	canastas	cestas (6)
λανθάνω	6	ocultarse	esconder (1) · (se) escondió (1) · estar escapando noticia de (1)
μάστιξ	6	aflicción	azotes (3) · azote (2) · azotar (1)
μέριμνα	6	afanes	ansiedad (3) · ansiedades (3)
πήρα	6	bolsa	alforja (6)
παρατηρέω	6	vigilar	estaban observando detenidamente (1) · Estaban observando detenidamente (1) · estando observando detenidamente (1)
πεποίθησις	6	confianza	certeza (4) · Certeza (1) · a certeza (1)
περιάγω	6	ir	estaba yendo alrededor (3) · están yendo alrededor (1) · estaba conduciendo alrededor (1)
πληροφορέω	6	cumplido	han sido plenamente persuadidos (1) · habiendo sido plenamente persuadido (1) · estando siendo convencido plenamente (1)
πρᾶξις	6	obras	prácticas (3) · práctica (1) · acción (1)
πυρετός	6	fiebre	ardor febril (4) · a ardor febril (1) · a ardores febriles (1)
πυρόω	6	refinado	ha sido encendido (2) · estar siendo en fuego (1) · estoy siendo en fuego? (1)
σημαίνω	6	significar	estando mostrando por señal (3) · mostró por señales (2) · señalizar (1)
σινδών	6	lienzo	lino fino (3) · prenda de vestir de lino fino (2) · (en) lino fino (1)
σκοπέω	6	considerar	estando poniendo atención (2) · Estén alerta (1) · estar poniendo los ojos sobre (1)
σπεύδω	6	apresurarse	habiendo dado prisa (3) · estaba dando prisa (1) · Date prisa (1)
στενάζω	6	gemir	estamos gimiendo (3) · gimió (1) · estando gimiendo (1)
συμβάλλω	6	meditar	estando echando juntas (1) · arrojar juntamente (1) · estaban echando (consejo) juntamente (1)
συμφωνέω	6	acordar	suenen juntos armoniosamente (1) · Habiendo sonado juntos armoniosamente (1) · sonaste armoniosamente junto (1)
συντέλεια	6	consumación	fin combinado (5) · de fin combinado (1)
συντελέω	6	cumplirse	estar siendo finalizado combinadamente (1) · habiendo sido concluídos (1) · habiendo concluído (1)
φαῦλος	6	maldad	detestable (2) · vil (2) · detestables (1)
χρῆμα	6	riquezas	utilizables (dinero) (5) · utilizable (dinero) (1)
ψυχικός	6	natural	físico (3) · perteneciente a (deseos del) alma (2) · Físico (1)
ἀναπληρόω	6	cumplirse	está siendo llenada a plenitud completamente (1) · estando llenando completamente (1) · llenaron completamente (1)
ἀπωθέω	6	rechazar	empujó de sí (2) · echó de sí (1) · empujaron de sí (1)
ἀσέβεια	6	impiedad	irreverencia (2) · irreverencias (2) · de irreverencia (2)
ἄκρον	6	confines	extremidades (2) · extremidad (2) · punta (2)
ἐνοικέω	6	morada	estando habitando dentro (1) · Habitaré dentro (1) · esté habitando dentro (1)
ἐξαυτῆς	6	enseguida	ahora mismo (5) · Ahora mismo (1)
ἐξηγέομαι	6	relatar	estaban explicando detalladamente (1) · explicó detalladamente (1) · habiendo explicado detalladamente (1)
ἐργασία	6	negocio	ocupación (3) · ganancia (3)
ἔνι	6	hay	está siendo dentro (6)
ὀσμή	6	fragancia	olor (5) · perfume (1)
ὑποδείκνυμι	6	advertir de antemano	mostró (2) · mostraré (2) · Mostraré (1)
ὑπόδειγμα	6	ejemplo	Modelo-patrón (2) · modelo-patrón (2) · a modelo-patrón (1)
ὕπνος	6	dormir	sueño (4) · (de) sueño (1) · a sueño (1)
γένεσις	5	nacimiento	origen (4) · de origen (1)
δή	5	ciertamente	realmente (5)
εἴσοδος	5	venir	camino hacia dentro (3) · entrada (2)
εὐσχήμων	5	prominente	distinguidas (2) · distinguido (1) · decoroso (1)
ζήτημα	5	pregunta	disputas (4) · discusión (1)
ζόφος	5	tinieblas	densa oscuridad (4) · de densa oscuridad (1)
καθεξῆς	5	con método	en orden de secuencia (5)
κενόω	5	quedar sin efecto	ha sido hecha vacía (1) · sea hecho vacío (1) · hará vacía (1)
μεθίστημι	5	quitar	sea transferido (1) · habiendo transferido (1) · transfirió (1)
μετασχηματίζω	5	aplicar	cambié de forma (1) · se están convirtiendo (1) · está convirtiéndose (1)
μωρία	5	insensatez	necedad (5)
μῦθος	5	fábulas	mitos (4) · a mitos (1)
πένθος	5	luto	lamento (5)
παραγγελία	5	por mandato	instrucción (2) · (con) instrucción (1) · orden (1)
παροιμία	5	alegoría	proverbio (3) · proverbios (2)
πατέω	5	pisar	estar hollando (1) · estando siendo hollada (1) · hollarán (1)
περίκειμαι	5	ser puesto	está atando alrededor (1) · está atando circundando (1) · estoy teniendo atada alrededor (1)
περιποίησις	5	obtener	adquisición (5)
πλάνος	5	engañador	errantes (3) · errante (2)
πλεονεκτέω	5	ser engañados	seamos alcanzados (1) · tomamos ventaja (codiciosamente) (1) · tomé ventaja (codiciosamente) (1)
πλευρά	5	lado	costado (5)
προβαίνω	5	seguir	habiendo dado pasos hacia adelante (2) · ha avanzado (2) · han avanzado (1)
προθυμία	5	prontitud	mente dispuesta (4) · colocación hacia (delante de sí) (1)
προσάγω	5	ser llevado	Conduce hacia (1) · habiendo conducido hacia (1) · estar conduciendo hacia (1)
σκηνόω	5	morada	habitó en tienda (1) · extenderá el tabernáculo (1) · habitando en tiendas (1)
συνεργέω	5	colaborar	estando obrando con (1) · está obrando juntamente (1) · estando obrando juntamente (1)
φωτεινός	5	luz	luminoso (4) · luminosa (1)
φόρος	5	tributo	impuesto (3) · impuestos (2)
χαλκός	5	dinero	cobre (4) · de cobre (1)
χρονίζω	5	tardar	Está tomando su tiempo (2) · Estando tomando su tiempo (1) · estar tomando su tiempo (1)
ἀετός	5	buitres	águilas (2) · águila (2) · a águila (1)
ἀκαταστασία	5	desorden	condiciones inestables (3) · de condición inestable (1) · condición inestable (1)
ἀνακράζω	5	clamar	gritó a voz en cuello (2) · gritaron a voz en cuello (1) · habiendo gritado a voz en cuello (1)
ἀντίδικος	5	adversario	oponente (5)
ἀρετή	5	excelencia	virtud (4) · virtudes (1)
ἀσφαλής	5	hechos	asegurada (cosa) (3) · seguro (1) · segura (1)
ἄμεμπτος	5	irreprensible	sin culpa (4) · sin falta (1)
ἄνεσις	5	facilidad	relajación (4) · alivio (1)
ἅρπαξ	5	estafadores	arrebatadores violentos (3) · a arrebatadores violentos (1) · arrebatador violento (1)
ἐκδύω	5	desnudar	habiendo quitado (prendas de vestir) (2) · quitaron (2) · ser quitada (1)
ἐκμάσσω	5	enjugar	secó (2) · estaba secando (1) · habiendo secado (1)
ἐκτρέπω	5	desviarse	fueron girados hacia fuera (1) · fueron giradas hacia fuera (1) · estando girando hacia fuera (1)
ἐλαύνω	5	ser llevado	estar impeliendo (1) · estaba siendo impelido (1) · Han impelido (1)
ἐντυγχάνω	5	suplicar	(se) está encontrando con (para abogar) (2) · (se) encontraron con (para hacer petición) (1) · (se) está encontrando con (para hablar) (1)
ἐπέχω	5	observar	estando teniendo sobre (2) · estaba teniendo sobre (1) · tuvo sobre (1)
ἐπίσκοπος	5	obispos	supervisor (3) · a supervisores (1) · supervisores (1)
ἐπιεικής	5	apacible	condescendiente (3) · condescendientes (2)
ἐπιτυγχάνω	5	obtener	logró alcanzar (3) · alcanzaron (1) · alcanzar (1)
ἔμπορος	5	mercaderes	comerciantes viajeros (4) · a comerciante viajero (1)
ἔντιμος	5	precioso	valiosa (2) · muy valioso (1) · de más honra que (1)
ἡδέως	5	de buena gana	gustosamente (2) · Gustosamente (1)
ἡσυχάζω	5	callar	guardaron quietud (2) · descansaron (1) · guardamos quietud (1)
Ἰεσσαί	5	de Isaí	Jesé (5)
ὀθόνιον	5	lienzos	vendas (4) · a vendas (1)
ὀνειδισμός	5	oprobio	vituperio (2) · vituperios (1) · reproche (1)
ὀψάριον	5	pez	pescaditos (3) · pescadito (2)
ὁδηγέω	5	conducir	mostrará el camino (3) · esté mostrando el camino (1) · estar mostrando el camino? (1)
ὁδηγός	5	guiar	mostradores del camino (2) · mostrador del camino (2) · Mostradores del camino (1)
ὁποῖος	5	como	de qué clase (2) · cual clase (1) · -- de qué clases (1)
ὁρμάω	5	lanzarse	(se) precipitó (2) · precipitaron (2) · precipitó (1)
ὑβρίζω	5	maltratar	trataron insolentemente (1) · estás tratando insolentemente (1) · será tratado insolentemente (1)
ὑπερέχω	5	sobresaliente	estando teniendo por encima (4) · estar teniendo por encima (1)
ὑπερήφανος	5	soberbio	a (los de) apariencia superior (3) · de apariencia superior (1) · aparentadores de superioridad (1)
ὑπόστασις	5	confianza	estar de pie debajo (en soporte) (2) · sustancia (1) · plena seguridad (1)
βάπτω	4	mojar	sumerja (1) · sumergiré (1) · habiendo sumergido (1)
βλάσφημος	4	blasfemo	hablador injurioso (2) · injuriosas (1) · habladores injuriosos (1)
γλυκύς	4	nuevo	dulce (4)
γνήσιος	4	verdadero	genuino (4)
δαμάζω	4	someter	domar (2) · está siendo domado (1) · ha sido domado (1)
δεσμωτήριον	4	cárcel	lugar de cadenas (4)
διαδίδωμι	4	dividir	está dando completamente (1) · da completamente (1) · dio a través (1)
διηνεκής	4	todo tiempo	llevado a través (contínuamente) (3) · llevando a través (1)
δόμα	4	dones	regalos (2) · dádivas (1) · dádiva (1)
εὐλαβής	4	piadoso	reverente (2) · reverentes (2)
θορυβέω	4	alborotar	estando siendo que griten ruidosamente (1) · se les está haciendo gritar ruidosamente (1) · estás siendo perturbada (1)
θρηνέω	4	entonar lamento	gemimos de llanto (2) · estaban gimiendo en llanto (1) · gemirán de llanto (1)
θρησκεία	4	religión	forma de adoración (3) · Forma de adoración (1)
καθό	4	como	según a lo que (4)
κανών	4	región	caña (de medir) (4)
καταπαύω	4	reposar	descansó (2) · hicieron desistir (1) · hizo descanzar (1)
κατασκηνόω	4	posarse	estar asentando tienda (2) · asentaron tienda (1) · asentará tienda (1)
καταφέρω	4	dominar	estando siendo llevado hacia abajo (1) · habiendo sido llevado hacia abajo (1) · estando llevando hacia abajo (1)
κείρω	4	esquilar	habiendo trasquilado (1) · habiéndose rapado (1) · se trasquile (1)
κράτιστος	4	excelentísimo	Más Fuerte (4)
κτῆμα	4	posesiones	adquisiciones (3) · adquisición (1)
κυλλός	4	lisiado	mancos (2) · manco (2)
κυριότης	4	autoridad	señorío (1) · señoríos (1) · de señorío (1)
λάχανον	4	hortalizas	legumbres (3) · legumbre (1)
λόγιον	4	oráculos	palabritas (4)
μάχη	4	contiendas	peleas (4)
μάχομαι	4	discutir	Estaban peleando (1) · estando peleando (1) · estar peleando (1)
μαθητεύω	4	discipulado	habiendo sido hecho aprendiz (2) · hagan aprendices (1) · habiendo hecho aprendices (1)
μαλακός	4	delicado	suaves (prendas) (2) · suaves (1) · (hombres) suaves (1)
μετοικεσία	4	llevar	cambio de casa (4)
μηνύω	4	mostrar	expuso (1) · exponga (1) · Habiendo sido expuesto (1)
μωραίνω	4	volverse insípida	sea hecha simple (1) · sea simple (1) · fueron hechos necios (1)
πάροικος	4	extranjeros	habitante forastero (2) · habitantes forasteros (2)
πέρας	4	confines	límites (3) · fin (1)
παρακολουθέω	4	acompañar	seguirá al lado (1) · habiendo seguido a lo largo al lado de (1) · has seguido (a lo largo) al lado de (1)
παραφέρω	4	quitar	remueve (2) · estén siendo llevados al lado de (1) · estando siendo llevados a lado de (1)
περίλυπος	4	muy triste	profundamente contristado (3) · Profundamente contristada (2)
περιΐστημι	4	evitar	estés poniéndote de pie alrededor (2) · ha estado de pie alrededor (1) · habiendo puesto de pie alrededor de (1)
περιέρχομαι	4	ambulante	estando yendo alrededor (2) · fueron alrededor (1)
περιαιρέω	4	ser abandonado	estaba siendo alzada alrededor (1) · habiendo alzado alrededor (1) · habiendo ido alrededor (1)
πικραίνω	4	ser áspero	estén siendo amargados (1) · fueron hechas amargas (1) · hará amarga (1)
πλεονέκτης	4	avaro	deseosos de tener más (2) · deseoso de tener más (2)
πλουσίως	4	abundantemente	ricamente (4)
προσήλυτος	4	convertidos	prosélito (2) · prosélitos (2)
πόνος	4	preocupación	dolor (2) · afán (1) · dolores (1)
σάκκος	4	cilicio	saco (3) · sacos de pelo (1)
σεμνός	4	digno	serias (2) · serios (2)
σκύλλω	4	cansarse	han sido desolladas (1) · estás molestando (1) · estés siendo molestado (1)
σμύρνα	4	Esmirna	mirra (1) · de mirra (1)
σουδάριον	4	pedazo de tela	paño (2) · pañuelo (1) · paños (1)
σπουδαίως	4	fervientemente	solícitamente (2) · diligentemente (1)
στέγω	4	perdurable	estando soportando (2) · estamos soportando (1) · está soportando (1)
στερεός	4	lo firme	sólido (1) · de sólida (1) · sólida (1)
στοά	4	pórtico	columnata (3) · columnatas (1)
στρουθίον	4	pajarillos	gorrioncitos (4)
συμπορεύομαι	4	reunirse	están yendo en camino juntando (1) · estaban yendo en camino junto con (1) · Estaban yendo en camino junto con (1)
συναρπάζω	4	apoderarse	había arrebatado violentamente por completo (1) · arrebataron violentamente juntos (1) · juntos habiendo arrebatado violentamente (1)
σύνδεσμος	4	vínculo	atadura unidora (2) · lazo (1) · ataduras unidoras (1)
ταμεῖον	4	aposentos interiores	cuartos privados (2) · cuarto privado (1) · cuarto de almacenamiento (1)
ταῦρος	4	bueyes	toros (2) · de toros (2)
φάτνη	4	pesebre	comedero de forraje (4)
ψηλαφάω	4	tocar	palpen (2) · estando siendo palpado (1) · palparon (1)
ἀγρυπνέω	4	vigilia	estén absteniendo de dormir (1) · Estén absteniendo de dormir (1) · estando absteniendo de dormir (1)
ἀδιαλείπτως	4	sin cesar	incesantemente (3) · Incesantemente (1)
ἀκροατής	4	oyentes	oidores (2) · oidor (2)
ἀμίαντος	4	sin mancha	incontaminada (3) · incontaminado (1)
ἀμελέω	4	hacer caso omiso	habiendo sido indiferentes (2) · estés descuidando (1) · (me) desatendí (1)
ἀνάμνησις	4	memoria	recuerdo (4)
ἀνίημι	4	ser sueltos	fue desligado (1) · habiendo desligado (1) · estando soltando (1)
ἀνακύπτω	4	enderezarse	levantar erguida (1) · levántense erguidos (1) · (se) levantó erguido (1)
ἀντέχω	4	apegarse a	(se) adherirá (2) · estén firmemente adheridos (1) · se esté adhiriendo firmemente (1)
ἀντιλογία	4	disputas	contradicción (3) · habla contraria (1)
ἀποβαίνω	4	salir	habiendo desembarcado (1) · Dará pasos desde (1) · dieron pasos desde (1)
ἀποδείκνυμι	4	expuesto	ha sido mostrado (1) · estar demostrando (1) · mostró (1)
ἀποστολή	4	apostolado	obra de enviado como emisario (4)
ἀρχηγός	4	el Autor	Guía Jefe (4)
ἀφροσύνη	4	insensatez	irracionalidad (3) · de irracionalidad (1)
ἄγαμος	4	soltero	no casados (1) · sin casar (1) · no casado (1)
ἄτοπος	4	injusticia	fuera de lugar (4)
ἄφωνος	4	mudo	sin sonido (2) · sin sonidos (1) · sin voz (1)
ἐγκράτεια	4	dominio propio	autodominio (4)
ἐθνικός	4	gentiles	(individuos) de las naciones (3) · individuo de (las) naciones (1)
ἐκθαμβέω	4	asombrarse mucho	fueron aturdidos (1) · estar siendo aturdido (1) · fueron aturdidas (1)
ἐκπειράζω	4	probar	pondrás a prueba (2) · estando poniendo a prueba (1) · estemos poniendo a prueba (1)
ἐκτίθημι	4	ser puesto fuera	estaba exponiendo (2) · Habiendo sido expuesto (1) · expusieron (1)
ἐμμένω	4	continuar	estar permaneciendo en (1) · Permaneció (1) · está permaneciendo en (1)
ἐξαγοράζω	4	redimir	estando comprando hacia fuera para sí (2) · compró hacia fuera (1) · compre hacia fuera (1)
ἐπίβλημα	4	remiendo	parche (4)
ἐπακολουθέω	4	acompañar	estando siguiendo encima (1) · siguió sobre (1) · están siguiendo sobre (más tarde) (1)
ἐπιβουλή	4	complot	consejo en contra (3) · consejos en contra (1)
ἐπιφαίνω	4	alumbrar	Brillar sobre (1) · estando apareciendo (1) · Fue manifestada (1)
ἐπιφωνέω	4	gritar	estaban vociferando (3) · estaba vociferando (1)
ἐρημία	4	lugar apartado	desierto (2) · desierto? (1) · desiertos (1)
ἔνδειξις	4	manifestación	demostración (4)
ἔξειμι	4	partir	estar yendo hacia fuera (2) · Habiendo ido hacia fuera (1) · estaban yendo hacia fuera (1)
ὀρθῶς	4	claramente	Correctamente (2) · normalmente (1) · correctamente (1)
ὄφελον	4	desear	quisiera (que) (2) · habiendo querido (que) (1) · Habiendo querido (que) (1)
ὅλως	4	en absoluto	enteramente (3) · Enteramente (1)
ὅρασις	4	en apariencia	a vista (3) · visiones (1)
ὑποστέλλω	4	rehuir	me retraje (2) · estaba retrayéndose (1) · se retrae (1)
ὠφέλιμος	4	provechoso	beneficioso (3) · beneficiosas (1)
Δίδυμος	3	Dídimo	Gemelo (3)
Ναασσών	3	Naasón	Nahsón (3)
Σαλαθιήλ	3	Salatiel	Sealtiel (3)
Φάρες	3	Fares	Pérez (3)
αἱρέω	3	escoger	seleccionaré (1) · seleccionó (1) · seleccionó para sí (1)
βάσανος	3	dolores	tormentos (2) · tormento (1)
βαπτισμός	3	lavamientos	sumergimientos (2) · sumergimiento (1) · de sumergimientos (1)
βιβλαρίδιον	3	librito	rollito (3)
βούλημα	3	propósito	voluntad expresa (2) · voluntad (1)
γαλήνη	3	bonanza	calma (3)
δίκη	3	pena	Dike (1) · (con) justicia (1) · a justicia (1)
δειλός	3	temeroso	cobardes (3)
δελεάζω	3	ser seducido	estando siendo atraído con carnada (1) · estando atrayendo con carnada (1) · están atrayendo con carnada (1)
διΐστημι	3	transcurrir	habiendo pasado (2) · (se) separó (1)
διαίρεσις	3	diversidades	variedades (2) · Variedades (1)
διαγίνομαι	3	pasar	habiendo llegado a ser a través (2) · habiendo llegado a ser ya (1)
διαρπάζω	3	saquear	arrebatará violentamente por completo (2) · arrebatar violentamente por completo (1)
διαφημίζω	3	dar a conocer	informaron completamente (1) · fue divulgada (1) · estar divulgando (1)
δούλη	3	sierva	esclava (2) · esclavas (1)
δυνάστης	3	gobernantes	a poderosos (1) · poderoso (1) · Potentado (1)
εὐαγγελιστής	3	evangelista	proclamador de buenas noticias (1) · proclamadores de buenas noticias (1) · de proclamador de buenas noticias (1)
εὐσεβής	3	piadoso	bien-reverente (2) · a (los) bien reverentes (1)
εὐσχημόνως	3	debidamente	bien decorosamente (2) · decentemente (1)
θάμβος	3	asombro	estupefacción (1) · Estupefacción (1) · de estar atónitos (1)
θαμβέω	3	asombrarse	estaban siendo hechos estar atónitos (2) · fueron hechos estar estupefactos (1)
θιγγάνω	3	tocar	palpe (2) · palpes (1)
θροέω	3	alarmarse	estén siendo aterrorizados (2) · estar siendo alborotados (1)
κατάλυμα	3	aposento	cuarto de huéspedes (3)
καταγελάω	3	burlarse de	estaban riendo despreciativamente (3)
καταπίπτω	3	caer	cayó hacia abajo (1) · habiendo caído hacia abajo (1) · estar cayendo hacia abajo (1)
κατευθύνω	3	dirigir	haga recto hacia abajo (2) · hacer recto hacia abajo (1)
κρημνός	3	despeñadero	precipicio (3)
κυκλόθεν	3	alrededor	rodeando circularmente (3)
κῆρυξ	3	heraldo	predicador (3)
λαῖλαψ	3	tempestad	tormenta (2) · tormenta violenta (1)
λειτουργέω	3	ministrar	Haciendo servicio público (1) · servir públicamente (1) · estando dando servicio público (1)
λοιδορία	3	insulto	injuria denigrante (2) · de injuria denigrante (1)
λυτρόω	3	redimir	estar rescatando (1) · libere por rescate (1) · fueron libertados por rescate (1)
λύτρωσις	3	redención	rescate (3)
μέθη	3	embriaguez	bebida excesiva (1) · a borracheras (1) · borracheras (1)
μακαρισμός	3	bienaventuranza	dicha (3)
μαλακία	3	enfermedad	suavidad (3)
μετάθεσις	3	cambio	transferencia (3)
μισθωτός	3	jornaleros	trabajador a sueldo (2) · trabajadores a sueldo (1)
μνημόσυνον	3	memorial	recuerdo (3)
μνηστεύω	3	estar desposada	habiendo sido comprometida (1) · ha sido comprometida (1) · ha sido dada en matrimonio (1)
μόδιος	3	canasta	cesta de medir (3)
μόχθος	3	penalidad	afán (3)
νοσφίζω	3	retener	puso aparte (1) · poner aparte (1) · estando poniendo aparte (1)
παιδαγωγός	3	tutores	instructor-guía de niños (2) · instructores-guía de niños (1)
παραβαίνω	3	romper	están traspasando (2) · dejó al lado de (1)
παρακούω	3	no escuchar	rehusa oír (2) · habiendo oído al lado de (1)
παρεπίδημος	3	peregrinos	residentes forasteros (3)
πεντηκοστή	3	de Pentecostés	Quincuagésimo (3)
περικαλύπτω	3	encubrir	estar cubriendo alrededor (1) · habiendo cubierto alrededor (1) · ha sido cubierta alrededor (1)
περιπίπτω	3	caer entre	cayeron alrededor de (1) · Habiendo caído alrededor (1) · caigan alrededor (1)
περιποιέω	3	salvar	preservar para sí (1) · reservó para sí (1) · están procurando (1)
πλόος	3	travesía	navegación (3)
πολυτελής	3	de gran precio	muy costoso (1) · muy costosa (1) · muy valioso (1)
πορθέω	3	asolar	estaba devastando (2) · habiendo devastado (1)
πρεσβυτέριον	3	presbiterio	grupo de hombres de mayor edad (3)
πρεσβύτης	3	anciano	viejo (1) · Hombres de mayor edad (1) · de edad avanzada (1)
προκοπή	3	progreso	corte de un golpe hacia adelante (3)
προλαμβάνω	3	anticiparse	tomó por adelantado (1) · está tomando por adelantado (1) · sea tomado completamente (1)
πυκνός	3	a menudo	frecuente (1) · más frecuente (1) · frecuentes (1)
πυρρός	3	Pirro	rojo fuego (2)
πύρωσις	3	ardiente	incendio (3)
σεβαστός	3	del emperador	Augusto (2) · de Augusto (1)
σεμνότης	3	dignidad	seriedad (3)
σιτευτός	3	engordado	cebado con grano (3)
σκάφη	3	esquife	barca auxiliar (3)
σκοτόω	3	estar entenebrecido	ha sido oscurecida (1) · fue oscurecido (1) · ha sido oscurecido (1)
σπουδαῖος	3	ferviente	más diligente (2) · diligente (1)
στενός	3	estrecho	angosta (3)
στερεόω	3	ser fortalecidos	fueron hechas firmes (1) · hizo firme (1) · estaban siendo hechas firmes (1)
συμπληρόω	3	anegarse	estar siendo llenado a plenitud (2) · estaban siendo llenados plenamente (1)
συναίρω	3	arreglar	alzar juntando (1) · estar alzando juntando (1) · está alzando juntamente (1)
συναπάγω	3	ir	estén conduciéndose desde juntamente (1) · fue conducido desde junto con (1) · habiendo sido conducidos desde juntamente (1)
συντάσσω	3	dirigir	ordenó (3)
συντηρέω	3	ser conservados	estaba guardando cuidadosamente (2) · están siendo guardados juntos (1)
σωφροσύνη	3	sobriedad	recto juicio de mente (3)
τοίνυν	3	por tanto	Pues ahora (2) · pues ahora (1)
τρίβος	3	sendas	veredas (3)
τρυγάω	3	recoger	están cortando (1) · corta (1) · cortó (1)
φάσκω	3	declarar	estando afirmando (1) · estaba alegando (1) · estando alegando (1)
φέγγος	3	luz	resplandor (2)
φανερῶς	3	abiertamente	manifiestamente (3)
φαρμακεία	3	hechicería	droguería (de prácticas espiritistas) (1) · droguería (espiritista) (1)
φιλοτιμέομαι	3	ambicionar	estando siendo encariñado de honra (1) · estamos siendo encariñados de honra (1) · ser encariñado de honra (1)
φιλόξενος	3	hospitalario	encariñado de extraños (2) · Encariñados de extraños (1)
φοβερός	3	aterrador	horrenda (1) · Horrendo (1) · horrendo (1)
ἀδημονέω	3	muy afligido	estar perturbado penosamente (2) · estando siendo entristecido (1)
ἀμφιέννυμι	3	ropa	ha sido vestido? (2) · está vistiendo (1)
ἀνέρχομαι	3	subir	vine hacia arriba (2) · Vino hacia arriba (1)
ἀνήκω	3	convenir	estaba siendo apropiado (2) · estando siendo apropiado (1)
ἀνατρέπω	3	derribar	están volcando (2) · volcó (1)
ἀντιλαμβάνω	3	socorrer	Tomó en lugar de (1) · estar tomando en lugar de (en ayuda) (1) · estando recibiendo de regreso (1)
ἀπαίρω	3	ser quitado	sea alzado (3)
ἀπαλλοτριόω	3	alejado de	han sido excluídos (3)
ἀποφεύγω	3	escapar	habiendo huído desde (2) · estando huyendo desde (1)
ἀποφθέγγομαι	3	proferir	estar expresando (1) · expresó (1) · estoy expresando (1)
ἀπρόσκοπος	3	sin ofensa	irreprensible (1) · Irreprensibles (1) · irreprensibles (1)
ἀπόκρυφος	3	cosa secreta	cuidadosamente escondido (2) · escondidos cuidadosamente (1)
ἀρχιτρίκλινος	3	maestresala	jefe de reclinatorio (3)
ἀστοχέω	3	extraviarse	desviaron (2) · habiendo desviado (1)
ἁρπαγή	3	avaricia	arrebato violento (1) · de arrebato violento (1) · arrebatar violentamente (1)
ἄριστον	3	cena	comida (3)
ἅλλομαι	3	brotar	estando borbotoneando (1) · estando saltando (1) · saltó (1)
ἆσσον	3	Asón	cercanamente (1)
ἐκκλίνω	3	apartarse	(se) inclinaron hacia fuera (1) · estén doblando hacia fuera (1) · incline hacia fuera (1)
ἐκπλέω	3	zarpar	navegar hacia fuera (1) · estaba navegando hacia fuera (1) · navegando hacia fuera (1)
ἐνέχω	3	sostener	estaba teniendo dentro (1) · estar teniendo dentro (rencor) (1) · estén siendo tenidos dentro (1)
ἐξώτερος	3	exterior	(de) afuera (3)
ἐπάγω	3	traer	conducir encima (1) · estando conduciendo sobre (1) · habiendo conducido sobre (1)
ἐπίτροπος	3	capataz	encargado (2) · a hombres encargados (1)
ἐπαρκέω	3	aliviar	fue suficientemente fuerte sobre (1) · esté siendo suficientemente fuerte sobre (1) · socorran (1)
ἐπιβαρέω	3	exagerar	poner peso sobre (2) · esté poniendo peso sobre (1)
ἐπιβιβάζω	3	poner	habiendo montado (2) · pusieron encima (1)
ἐπιχειρέω	3	emprender	pusieron en mano (1) · estaban poniendo en mano (1) · Pusieron en mano (1)
ἑδραῖος	3	firme	fijos (2) · fijo (1)
ἑρμηνεύω	3	medio	está siendo traducido (2) · estando siendo traducido (1)
ἑταῖρος	3	amigo	Compañero (3)
ἑτοίμως	3	listo	preparado (3)
ἔνταλμα	3	preceptos	mandatos (3)
ἔντρομος	3	aterrar	tembloroso (2) · Tembloroso (1)
ἕλκος	3	llagas	úlceras (2) · úlcera (1)
ἡσσάομαι	3	ser inferior	fueron hechos menos (1) · ha sido vencido (1) · están siendo vencidos (1)
ὀρέγω	3	aspirar a	está extendiéndose hacia (1) · estando extendiéndose hacia adelante (1) · están extendiéndose hacia adelante (1)
ὁλοκαύτωμα	3	holocaustos	enteras ofrendas quemadas (2) · Enteras ofrendas quemadas (1)
ὄρθρος	3	alba	de madrugada (1) · [[De madrugada (1) · amanecer (1)
ὄφελος	3	provecho	beneficio? (2) · beneficio (1)
ὑάλινος	3	de vidrio	vítreo (3)
ὑπεραίρω	3	envanecerse	fuera sobreensalzado (2) · estando siendo alzado por encima de (1)
ὑποδέω	3	llevar puesto	han sido atadas (1) · átate (1) · habiéndose atado (1)
ὑποφέρω	3	soportar	llevar (estando) debajo (1) · llevé debajo de (estas estuve) (1) · está llevando (estando) debajo (1)
ὕβρις	3	desastre	daño (2) · insultos (1)
ὠτίον	3	oído	oreja (3)
ῥάπισμα	3	con las palmas	a bofetadas (1) · bofetada (1) · bofetadas (1)
αὐθάδης	2	obstinado	que se complace a sí mismo (1) · que se agradan a sí mismos (1)
αὐθαίρετος	2	de buena voluntad	por su propia elección (2)
αὐστηρός	2	áspero	riguroso (2)
αὐτάρκεια	2	suficiencia	autosuficiencia (2)
βαρέως	2	apenas	pesadamente (2)
βασίλειος	2	palacios	real (1)
βδελύσσομαι	2	aborrecer	estando detestando (1) · han sido detestables (1)
βιάζω	2	ser tomado por la fuerza	está siendo luchado enérgicamente hacia (él) (1) · se está enérgicamente luchando hacia (él) (1)
βοήθεια	2	sostener	ayudas (1) · ayuda (1)
βραδύνω	2	tardar	esté siendo lento (1) · está siendo lento (1)
γλωσσόκομον	2	bolsa	caja de dinero (2)
δεινῶς	2	gravemente	terriblemente (2)
δεσμώτης	2	presos	atados (2)
διάγω	2	llevar	estemos conduciéndonos a través (1) · estando conduciendo a través (1)
διαγινώσκω	2	examinar	estar conociendo completamente (1) · haré conocer plenamente (1)
διαλαλέω	2	ser comentados	estaba siendo hablado a través (1) · estaban hablando (1)
διατηρέω	2	atesorar	estaba guardando completamente (1) · estando guardando completamente (1)
διοδεύω	2	viajar	estaba yendo en camino a través (1) · Habiendo ido en camino a través (1)
δοκίμιον	2	prueba	probada (2)
δοχή	2	banquete	recepción (2)
δυναμόω	2	ser fortalecido	estando siendo hechos poderosos (1) · fueron hechos poderosos (1)
εὐθυδρομέω	2	navegar en línea recta	corrimos rumbo directo (1) · habiendo corrido directamente (1)
εὐθύνω	2	enderezar	Hagan recto (1) · estando haciendo recto (1)
εὐκαίρως	2	oportunamente	en buen tiempo señalado (2)
εὐσεβέω	2	adorar	están bien-reverenciando (1) · estar bien-reverenciando (1)
εὐσεβῶς	2	piadosamente	bien-reverentemente (2)
εὐτόνως	2	vehementemente	intensamente (2)
εὐφροσύνη	2	con gozo	de alegría (2)
εὔκαιρος	2	oportuno	buen tiempo señalado (1) · en buen tiempo señalado (1)
ζέω	2	ser ferviente	estando hirviendo (2)
ζεῦγος	2	par	Yugo (2)
ζωγρέω	2	pescar	estando atrapando vivos (1) · han sido capturados vivos (1)
θάλπω	2	cuidar	está acariciando (1) · esté acariciando (1)
θαῦμα	2	prodigio	maravilla (1) · a maravilla (1)
καίτοι	2	y sin embargo	Aunque (2)
καθήκω	2	convenir	estaba siendo apropiado (1) · estando siendo apropiadas (1)
καθηγητής	2	instructores	líderes (1) · Líder (1)
κατάσχεσις	2	posesión	tenencia completa (2)
καταβάλλω	2	ser derribado	estando siendo arrojados hacia abajo (1) · estando arrojándonos hacia abajo (1)
καταδυναστεύω	2	ser oprimido	estando siendo dominados hacia abajo (1) · están dominando hacia abajo (1)
κατακλάω	2	romper	quebró completamente (2)
καταλαλιά	2	calumnia	habladas hacia abajo (2)
καταμένω	2	quedarse	estando alojando (1)
καταπονέω	2	ser oprimido	estando siendo maltratado (1) · estando siendo afligido completamente (1)
κατασκήνωσις	2	nidos	lugares para asentar tiendas (2)
καταστέλλω	2	calmar	Habiendo aquietado (1) · han sido aquietados (1)
καταστροφή	2	subversión	derrumbe (1) · a derrumbe (1)
κατοικητήριον	2	morada	habitación (1) · lugar de habitación (1)
καυσόω	2	arder de fiebre	estando siendo hechos intensamente calientes (2)
κενοφωνία	2	palabrerías	voces vacías (2)
κεράμιον	2	cántaro	vasija de barro (2)
κεραία	2	tilde	cuernito (2)
κλάσις	2	partir	quebrantamiento (2)
κλύδων	2	furioso	oleaje (1) · a oleaje (1)
κορέννυμι	2	lleno	Habiendo sido satisfechos (1) · han sido saciados (1)
κόλασις	2	castigo	cortamiento (2)
κόσμιος	2	respetable	arreglado (1) · ordenado (1)
λέντιον	2	toalla	lienzo de lino (2)
λίβανος	2	incienso	olíbano (2)
λίνον	2	pábilo	lino (2)
λατομέω	2	cortar	excavó (1) · ha sido excavada (1)
λικμάω	2	desmenuzar	pulverizará (2)
λοίδορος	2	maldiciente	denigrador injurioso (1) · denigradores injuriosos (1)
λογικός	2	razonable	facultad de raciocinio (1) · perteciente a la palabra (1)
λογισμός	2	pensamientos	razonamientos (2)
λουτρόν	2	lavamiento	baño (2)
μήτρα	2	vientre	matriz (2)
μίσθιος	2	jornaleros	obreros a sueldo (2)
μακαρίζω	2	llamar bienaventurada	pronunciarán dichosa (1) · estamos pronunciando dichosos (1)
μεθοδεία	2	maquinación	tramar (1) · artimañas (1)
μελετάω	2	idear	meditaron (1) · estés meditando (1)
μερισμός	2	repartimientos	a distribuciones (1) · división (1)
μετάγω	2	dirigir	estamos conduciendo de un lado a otro (1) · están siendo conducidos de un lado a otro (1)
μεταίρω	2	retirarse	(se) trasladó (2)
μετοικίζω	2	quitar	cambió de casa (1) · cambiaré de casa (1)
μονόφθαλμος	2	tuerto	un ojo (1) · un solo ojo (1)
μωμάομαι	2	ser tachado	sea hallado manchado (1) · manche (1)
μόρφωσις	2	expresión	forma (2)
νεύω	2	impulsos	Está haciendo seña con cabeza (1) · haciendo seña con cabeza (1)
νωθρός	2	tardo	perezosos (2)
νῆστις	2	hambriento	(en) ayunas (2)
ξενία	2	alojamiento	hospedaje (2)
οἰκητήριον	2	morada	casa de habitación (2)
οἰνοπότης	2	borracho	bebedor de vino (2)
πέλαγος	2	profundidad	extensión acuosa (2)
παντελής	2	lleno	completo (2)
παρίημι	2	descuidar	han sido dejadas caídas al lado (1)
παραινέω	2	amonestar	estaba recomendando (1) · estoy recomendando (1)
παραπικρασμός	2	rebelión	provocación a amargura (2)
παρεισέρχομαι	2	entrar	vino hacia dentro al lado de (1) · vinieron hacia dentro al lado de (1)
παροικέω	2	visitar	estás alojando (1) · habitó como extranjero (1)
παροικία	2	peregrinar	habitación como forastero (1) · habitación como forasteros (1)
παχύνω	2	embotarse	Fue hecho grueso (2)
περιέχω	2	asir	tuvo alrededor de (1) · está teniendo alrededor (1)
περιβόλαιον	2	de cubierta	(prenda) puesta alrededor (2)
περιλείπομαι	2	restante	estando siendo dejados alrededor (2)
πεῖρα	2	intento	puesta a prueba (2)
πιστικός	2	puro	genuino (2)
πλάσσω	2	formar	habiendo moldeado (1) · fue moldeado (1)
πλήκτης	2	pendenciero	golpeador (2)
πολλαπλασίων	2	a ciento por uno	muchas veces más (1)
πορεία	2	progreso	camino (1) · en caminos (1)
πράκτωρ	2	oficial	efectuador (2)
πρασιά	2	grupos	filas de jardín (2)
πρεσβεία	2	embajada	grupo de hombres de mayor edad (2)
προκαταγγέλλω	2	predecir	anunció de antemano (1) · habiendo anunciado de antemano (1)
προπετής	2	temerario	precipitado (1) · obstinados (1)
προσαναπληρόω	2	colmar	estando supliendo abundantemente (1) · suplieron abundantemente (1)
προσοχθίζω	2	enojarse	(me) sentí vejado de irritación (1) · (se) sintió vejado de irritación (1)
προφέρω	2	producir	está llevando hacia (fuera) (2)
προφῆτις	2	profetisa	vocera (2)
πρωϊνός	2	mañana	matutina (2)
πρόγνωσις	2	presciencia	conocimiento de antemano (2)
πρόγονος	2	padres	progenitores (1) · nacidos antes (1)
πρῷρα	2	arco	proa (2)
πτερύγιον	2	pináculo	alita (2)
πόρρωθεν	2	de lejos	distanciadamente (1) · a distancia (1)
σεληνιάζομαι	2	ser epilépticos	estando heridos por la luna (1) · está siendo herido por la luna (1)
σκυθρωπός	2	sombrío	de rostro triste (2)
σπιλόω	2	contaminar	estando manchando (1) · ha sido manchada (1)
στυγνάζω	2	encapotarse	estando de aspecto sombrío (1) · habiendo ensombrecido (1)
συγκεράννυμι	2	componer	mezcló junto con (1) · han sido mezclados juntamente (1)
συζεύγνυμι	2	unido	enyugó juntos (2)
συκοφαντέω	2	acusar falsamente	tomen por muestra de higo (1) · tomé por muestra de higo (1)
συναναβαίνω	2	alcanzar	habiendo dado pasos hacia arriba junto con (2)
συναρμολογέω	2	ser bien coordinado	estando siendo articulada (1) · estando siendo articulado (1)
συνεισέρχομαι	2	acompañar	vino hacia dentro con (2)
συνθλίβω	2	agolparse sobre	estaban oprimiendo (1) · estando oprimiendo (1)
συστέλλω	2	cubierto	envolvieron en vendas (1) · ha sido acortado (1)
συστρέφω	2	permanecer	Estando siendo hechos volver juntos (1) · Habiendo recogido (1)
συστροφή	2	alboroto	girar juntos (en desorden) (1) · girar juntos (maquinando) (1)
τάραχος	2	disturbio	alboroto (2)
ταχινός	2	inminente	pronto (1) · pronta (1)
τελείωσις	2	cumplimiento	efectuación completa (2)
τελειότης	2	de perfecta unidad	completa (1) · completación (1)
τραχύς	2	áspero	rugosas (1) · rugosos (1)
τρῆμα	2	ojo	agujero (1)
φάντασμα	2	fantasma	Aparición (2)
φάρμακος	2	hechiceros	drogueros (espiritistas) (2) · droguerías (espiritistas) (1)
φειδομένως	2	escasamente	mezquinamente (2)
φθόγγος	2	voz	sonido (1) · sonidos (1)
φιλάργυρος	2	amadores del dinero	encariñados a plata (2)
φιλανθρωπία	2	bondad	cariño a la humanidad (1) · cariño al hombre (1)
φλογίζω	2	incendiar	estando encendiendo en llamas ardientes (1) · estando siendo encendido en llamas ardientes (1)
φραγελλόω	2	azotar	habiendo flagelado (2)
φρόνησις	2	sabiduría	sensatez (2)
φωλεός	2	guaridas	agujeros (2)
φωστήρ	2	luces	iluminadores (1) · resplandor (1)
χαλεπός	2	violento	fieros (2)
χαλιναγωγέω	2	refrenar	conduciendo con brida (1) · conducir con brida (1)
χειροτονέω	2	escoger	Habiendo extendido la mano (1) · habiendo sido (nombrado) por manos extendidas (1)
χορηγέω	2	suplir	proveerá (1) · está proveyendo (1)
ψηφίζω	2	contar	está calculando (1) · calcule (1)
ψωμίζω	2	apacentar	estés alimentando (1) · doy alimento a bocados (1)
ἀγρυπνία	2	desvelos	sin dormir (2)
ἀθέτησις	2	repudio	Puesta al lado de (1) · puesta al lado de (1)
ἀθῷος	2	inocente	inculpable (1) · Inculpable (1)
ἀκατακάλυπτος	2	descubierto	sin cubrirse completamente (2)
ἀκρασία	2	desenfreno	falta de poder (moderarse) (1) · falta de poder (regularse) (1)
ἀκριβόω	2	indagar con exactitud	averiguó cuidadosamente (2)
ἀλαζών	2	jactancioso	vagos (1) · fanfarrones (1)
ἀλαλάζω	2	lamento	estando haciendo ruidos (1) · estando haciendo mucho ruido (1)
ἀμεταμέλητος	2	irrevocable	Sin sentir pesar (1) · no estar sintiendo pesar (1)
ἀναίτιος	2	sin culpa	inculpables (2)
ἀναζάω	2	revivir	vivió otra vez (1) · llegó a vivir otra vez (1)
ἀνακαθίζω	2	incorporarse	(se) sentó erguido (1) · (se) sentó erguida (1)
ἀνακαλύπτω	2	ser alzado	estando siendo quitado el velo (1) · ha sido quitado el velo (1)
ἀναλύω	2	volver	regrese (1) · partir (hacia la muerte) (1)
ἀναπολόγητος	2	sin excusa	inexcusables (1) · inexcusable (1)
ἀνασείω	2	alborotar	incitaron (1) · Está incitando (1)
ἀνατίθημι	2	poner delante	expusieron (1) · expuse (1)
ἀναφαίνω	2	aparecer	estar siendo avistado (1) · Habiendo avistado (1)
ἀνεξιχνίαστος	2	inescrutable	ininvestigables (1) · ininvestigable (1)
ἀνετάζω	2	ser examinado	estar siendo interrogado (1) · estar interrogando completamente (1)
ἀνθρακιά	2	brasas	fuego de carbón (2)
ἀνοικοδομέω	2	reedificar	reconstruiré (2)
ἀνοχή	2	paciencia	autorefrenamiento (2)
ἀντίτυπος	2	copias	modelos que corresponden equivalentemente (1) · modelo que corresponde equivalentemente (1)
ἀνταποκρίνομαι	2	responder	replicar (1) · estando replicando (1)
ἀνωφελής	2	inútil	sin beneficio (1) · no provechoso (1)
ἀνόσιος	2	para impíos	a (los) sin lealtad en santidad (1) · no leales en santidad (1)
ἀπειλέω	2	amonestar	amenacemos (1) · estaba amenazando (1)
ἀποβάλλω	2	desechar	habiendo arrojado completamente (1) · arrojen completamente (1)
ἀπογραφή	2	censo	registro (2)
ἀποπλανάω	2	engañar	estar descarriando (1) · fueron inducidos a error (1)
ἀποτομία	2	severidad	cortamiento completo (1) · a cortamiento completo (1)
ἀποτόμως	2	con severidad	cortando abruptamente (2)
ἀπόθεσις	2	repudio	poniendo desde (hacia fuera) (2)
ἀρσενοκοίτης	2	homosexuales	varones compañeros de cama (1) · a varones compañeros de cama (1)
ἀσάλευτος	2	inconmovible	inmóvil (1) · insacudible (1)
ἀσεβέω	2	los impíos	hicieron irreverentemente (1)
ἀσσάριον	2	por un cuadrante	de asarión (2)
ἀστήρικτος	2	inconstante	no fijas firmemente (1) · no fijos firmemente (1)
ἀτάκτως	2	ociosamente	desordenadamente (2)
ἀτμίς	2	vapor	neblina (2)
ἀφεδρών	2	letrina	cloaca (2)
ἀφοράω	2	ver	vea atentamente (1) · estando mirando fijamente (1)
ἀχάριστος	2	ingrato	desagradecidos (2)
ἀχρεῖος	2	sin valor	inútil (1) · inútiles (1)
ἁπλοῦς	2	claro	sencillo (2)
ἁφή	2	ligamento	coyuntura (1) · coyunturas (1)
ἄγναφος	2	nuevo	no encogido (2)
ἄγρα	2	redada	captura (2)
ἄδηλος	2	que no se ven	indistinguibles (1) · indistinguible (1)
ἄθεσμος	2	sin ley	ilegales (2)
ἄκακος	2	ingenuo	sin malicia (2)
ἄμαχος	2	pacífico	no peleador (1) · no dispuestos a pelear (1)
ἄμετρος	2	sobremanera	sin medida (2)
ἄνοια	2	con furor	de ira irrazonable (1) · ira irrazonable (1)
ἄτερ	2	aparte de	sin (2)
ἅλων	2	era	suelo de trillar (2)
ἐκδιηγέομαι	2	declararlo	esté contando a detalle (1) · estando contando en detalle (1)
ἐκεῖσε	2	allí	en aquél lugar (2)
ἐκτελέω	2	terminar	completar totalmente (2)
ἐκτενής	2	más fervientemente	extendido (1)
ἐκτενῶς	2	ferviente	extendidamente (2)
ἐκτρέφω	2	sustentar	está alimentando (1) · estén criando (1)
ἐκφύω	2	echar	esté haciendo brotar (2)
ἐλαφρός	2	luz	liviana (2)
ἐλλογέω	2	ser imputado	está siendo puesto en cuenta (1) · estés poniendo a cuenta (1)
ἐμβάπτω	2	mojar	habiendo sumergido en (1) · estando sumergiendo en (1)
ἐμπλέκω	2	enredarse	está siendo envuelto (1) · habiendo sido entretejidos (1)
ἐνδιδύσκω	2	vestirse	están vistiendo (1) · estaba vistiéndose (1)
ἐνεδρεύω	2	velar	estando yaciendo en espera (1) · están yaciendo en espera (1)
ἐνθυμέομαι	2	meditar	habiendo reflexionado (1) · están pensando (1)
ἐνοχλέω	2	turbado	estando siendo perturbados (1) · esté causando disturbio (1)
ἐντός	2	dentro	interior (1) · en medio (1)
ἐξαγγέλλω	2	proclamar	declararon públicamente (1) · declaren públicamente (1)
ἐξανατέλλω	2	brotar	saltó hacia arriba hacia fuera (2)
ἐξορύσσω	2	romper	habiendo excavado hacia fuera (2)
ἐπίσημος	2	notable	prominente (1) · prominentes (1)
ἐπανέρχομαι	2	volver	estar regresando (1) · regresar (1)
ἐπεγείρω	2	alborotar	levantaron sobre (2)
ἐπενδύω	2	revestirse de	ser investido encima (2)
ἐπηρεάζω	2	maltratar	estando hablando con desprecio (2)
ἐπιδέχομαι	2	acoger	está recibiendo bien dispuesto sobre (2)
ἐπιδημέω	2	visitar	estando habitando temporalmente (2)
ἐπιείκεια	2	bondad	disposición a condescender (1) · disposición a ceder (1)
ἐπιλέγω	2	llamar	estando siendo sobredicho (1) · habiendo dicho sobre (1)
ἐπιλύω	2	explicar	estaba desatando completamente (1) · será sobredesatado (1)
ἐπιφέρω	2	infligir	estando llevando sobre (1) · llevar sobre (1)
ἐποπτεύω	2	presenciar	estando poniendo los ojos sobre (1) · Habiendo puestos ojos sobre (1)
ἐρεθίζω	2	provocar	estimuló (1) · estén estimulando (a ira) (1)
ἐφημερία	2	división	sobre día (2)
ἐφικνέομαι	2	alcanzar	venir sobre (1) · estando viniendo sobre (1)
ἔκβασις	2	escapar	ida dando pasos hacia fuera (1) · resultado (1)
ἔννοια	2	intenciones	inclinaciones mentales (1) · inclinación mental (1)
ἔννομος	2	lícito	legal (1) · en ley (1)
Ἑλληνίς	2	gentil	griega (1) · griegas (1)
ἡσύχιος	2	tranquilo	quieta (1) · quieto (1)
ἤπιος	2	apacible	amable (1)
ἥττημα	2	fracaso	disminución (2)
ἰχθύδιον	2	pececillos	pescaditos (2)
ἱκανόω	2	capacitar	hizo suficiente (1) · habiendo hecho suficiente (1)
ἵλεως	2	de ninguna manera	Misericordioso (1) · misericordioso (1)
Ἰωράμ	2	Joram	Jehoram (2)
Ἰωσαφάτ	2	Josafat	Jehosafat (2)
ὀδυρμός	2	luto	gemido de lloro (2)
ὀδύνη	2	tristeza	dolor (1) · a dolores (1)
ὀνικός	2	pesado	perteneciente a asno (2)
ὀπή	2	guaridas	cavernas (1) · abertura (1)
ὁμοιότης	2	del mismo modo	semejanza (2)
ὁρκίζω	2	conjurar	Estoy poniendo bajo juramento (2)
ὄμμα	2	ojos	oculares (2)
ὑπέρογκος	2	arrogante	Hinchadas (expresiones) (1) · hinchadas (expresiones) (1)
ὑπεναντίος	2	adverso	(agazapado) debajo en oposición (1) · debajo en contra (1)
ὑπερλίαν	2	eminentísimo	supereminentes (2)
ὑπεροχή	2	excelencia	superioridad (2)
ὑποτίθημι	2	acostarse	expusieron (1) · estando colocando debajo (1)
ὑποχωρέω	2	retirarse	estando apartando (1) · (se) apartó (1)
ὑπωπιάζω	2	agotar	esté golpeando bajo el ojo (1) · estoy golpeando bajo el ojo (1)
ὑστέρησις	2	pobreza	necesidad (2)
ὕπαρξις	2	bienes	posesiones (1) · posesión (1)
ὠτάριον	2	oído	oreja (2)
ῥαβδοῦχος	2	alguaciles	funcionarios de las varas (2)
ῥαπίζω	2	herir	está dando bofetada (1) · abofetearon (1)
ῥυπαρός	2	andrajoso	sucia (1) · sucio (1)
Ῥοβοάμ	2	Roboam	Rehoboam (2)
Κλωπᾶς	1	de Cleofas	Clopas (1)
Κυρήνιος	1	Cirenio	Quirinio (1)
αἰδώς	1	pudor	modestia (1)
αἰσθάνομαι	1	entender	perciban (1)
αἰσχρότης	1	inmundicia	conducta vergonzosa (1)
αἱρετικός	1	faccioso	A hereje (1)
αἴσθησις	1	discernimiento	percepción sensorial (1)
αὐτάρκης	1	contento	autosuficiente (1)
αὐχέω	1	jactarse	está alardeando (1)
αὐχμηρός	1	oscuro	reseco-lóbrego (1)
βέλος	1	flechas	proyectiles (1)
βαθμός	1	posición	paso (1)
βαθύνω	1	ahondar	profundizó (1)
βασανιστής	1	carcelero	atormentadores (1)
βασκαίνω	1	fascinar	hechizó (1)
βελτίων	1	muy bien	mejor (1)
βιαστής	1	violento	luchadores enérgicos hacia (él) (1)
βλέμμα	1	al ver	-- Mirada (1)
βολή	1	echar	arrojamiento (1)
βραβεύω	1	reinar	esté actuando como árbitro (1)
βραδύτης	1	tardanza	lentitud (1)
βρόχος	1	freno	lazo (1)
βρύχω	1	crujir	estaban apretando (1)
βρύω	1	brotar	está borbotoneando (1)
βόρβορος	1	en el lodo	de fango (1)
γερουσία	1	senado	asamblea de hombres de mayor edad (1)
γναφεύς	1	lavandero	blanqueador de telas (1)
γραώδης	1	necio	pertenecientes a mujeres viejas (1)
γυμνασία	1	ejercicio	entrenamiento (como gimnasta) (1)
δάνειον	1	deuda	préstamo (1)
δέρμα	1	odres	pieles (1)
δέσμη	1	manojos	haces (1)
δακρύω	1	llorar	Derramó lágrimas (1)
δαπάνη	1	costo	gasto (1)
δειλιάω	1	temer	esté acobardando (1)
δεισιδαίμων	1	muy religioso	más llenos del pavor a las deidades (1)
δεισιδαιμονία	1	religión	pavor a la deidad (1)
δεῖγμα	1	ejemplo	a muestra (1)
δεῖνα	1	cierto hombre	fulano (1)
δημηγορέω	1	arengar	estaba discursando públicamente (1)
δημιουργός	1	constructor	artesano (para pueblo) (1)
διάστημα	1	después	intérvalo (1)
διάταγμα	1	edicto	orden (1)
διέξοδος	1	caminos	salidas encrucijadas (1)
διαμάχομαι	1	contender	estaban peleando a través (1)
διανέμω	1	extenderse	sea divulgado (1)
διανυκτερεύω	1	pernoctar	continuando a través toda la noche (1)
διασείω	1	extorsionar	sacudan completamente (1)
διατελέω	1	permanecer	están siendo completados a través (1)
διαυγάζω	1	amanecer	resplandezca (1)
διαφεύγω	1	escapar	huya a través (1)
διαχλευάζω	1	burla	estando mofando (1)
διαχωρίζω	1	partir	estar separando (1)
διενθυμέομαι	1	pensar	estando reflexionando (1)
διερμηνευτής	1	intérprete	traductor (1)
διερωτάω	1	preguntar por	habiendo inquirido (1)
διχάζω	1	poner en discordia	dividir (1)
διϊκνέομαι	1	penetrante	estando yendo a través de (1)
δογματίζω	1	someterse a preceptos	están siendo sujetados (1)
δολόω	1	adulterar	estando manejando engañosamente (1)
δουλαγωγέω	1	reducir a servidumbre	estoy conduciendo como esclavo (1)
δράσσομαι	1	pescar	estando capturando (1)
δόλιος	1	engañoso	fraudulentos (1)
εἰσπηδάω	1	entrar precipitadamente	saltó al interior (1)
εὐθύτης	1	justicia	derechura (1)
εὐνοέω	1	convenir	siendo de mente buena (1)
εὐπειθής	1	razonable	lista para obedecer (1)
εὐπερίστατος	1	que asedia	puesto de pie bien alrededor (1)
εὐποιΐα	1	lo bueno	hacer bien (1)
εὐπορέω	1	prosperar	estaba siendo bien yendo en camino (1)
εὐπορία	1	riqueza	prosperidad (1)
εὐπρέπεια	1	hermosura	bien apropiada (1)
εὐπροσωπέω	1	tener buena apariencia	hacer agradable rostro (1)
εὐρύχωρος	1	ancho	espacioso (1)
εὐτραπελία	1	chocarrería	bromear obsceno (1)
εὐψυχέω	1	ser animado	esté siendo bien de alma (1)
εὔσημος	1	inteligible	bien comprensible (1)
εὔφημος	1	admirable	bien habladas (de ellas) (1)
ζευκτηρία	1	cuerdas	amarres (1)
θάρσος	1	valor	ánimo (1)
θέλησις	1	voluntad	cosa deseada? (1)
θαυμάσιος	1	prodigios	maravillosas (1)
θεράπων	1	siervo	servidor (1)
θεότης	1	Deidad	divinidad (1)
θηρεύω	1	atrapar	capturar (1)
θραύω	1	oprimido	han sido quebrantados (1)
θρησκός	1	religioso	adorador formal (1)
θυμομαχέω	1	lleno de ira	estando siendo en mente dispuesto a pelear (1)
θύελλα	1	asaltar	tempestad (1)
θύϊνος	1	cidro	olorosa (1)
κάκωσις	1	opresión	maltrato (1)
κέλευσμα	1	voz de mando	llamada imperativa (1)
καθάπτω	1	fijar	prendió (mordiendo) (1)
καθαίρω	1	podar	está limpiando (1)
καθαρότης	1	purificación	limpieza (1)
καθόλου	1	en absoluto	hacia abajo (lo) entero (1)
καλοποιέω	1	buenas obras	estando haciendo lo excelente (1)
καπηλεύω	1	traficar	estando vendiendo como mercachifle (1)
κατάβασις	1	descenso	bajada (1)
κατάλαλος	1	calumniador	habladores hacia abajo (1)
κατάλοιπος	1	remanente	restantes (1)
κατάρτισις	1	perfección	reajuste en alineación hacia abajo (1)
κατάστημα	1	conducta	comportamiento (1)
κατήφεια	1	tinieblas	desaliento (1)
καταβαρέω	1	gravar	puse carga hacia abajo (1)
καταβαρύνω	1	pesado	estando siendo muy cargados (1)
καταβραβεύω	1	descalificar	esté privando del premio (1)
καταγγελεύς	1	pregonero	proclamador (1)
καταγωνίζομαι	1	vencer	conquistaron luchando vigorosamente (1)
καταδέω	1	vendar	ató hacia abajo (1)
καταδιώκω	1	ir tras	siguió intensamente (en búsqueda) (1)
κατακλύζω	1	anegado	habiendo sido inundado (1)
κατακρημνίζω	1	echar encima	arrojar de cabeza hacia abajo (1)
καταλέγω	1	inscribirse	esté siendo puesta en lista (1)
καταμανθάνω	1	observar	Aprendan completamente (1)
καταρτισμός	1	perfeccionamiento	ajuste (alineado) hacia abajo (1)
κατασοφίζομαι	1	traicionar	habiendo usado destreza astuta (1)
καταστρηνιάω	1	desenfrenarse contra	sientan impulsos sexuales (1)
καταστρώννυμι	1	tender	fueron desparramados completamente (1)
κατασφάζω	1	matar	degüellen (1)
κατατομή	1	falsa circuncisión	cortamiento (1)
καταφρονητής	1	burlador	despreciadores con escarnio (1)
κατοίκησις	1	morada	habitación (1)
κατοικία	1	morada	habitación (1)
κατώτερος	1	inferior	más bajas (1)
καῦσις	1	ardiente	quema (1)
κειρία	1	con vendas	a bandas de tela (1)
κενόδοξος	1	jactancioso	vanagloriosos (1)
κεράτιον	1	algarrobas	cuernitos (1)
κεραμικός	1	alfarero	hechas de barro (1)
κεφαλίς	1	rollo	cabecita del palo de madera (1)
κλέμμα	1	hurtos	robos (1)
κλέος	1	mérito	cosa llamada (1)
κληρόω	1	recibir herencia	fuimos asignados por suerte (1)
κλινάριον	1	lechos	camillas (1)
κοίμησις	1	descanso	dormir (1)
κοιτών	1	aposento	dormitorio (1)
κολλούριον	1	colirio	pomada para los ojos (1)
κοπή	1	matanza	cortamiento (1)
κραιπάλη	1	disipación	comida excesiva (1)
κρύπτη	1	secreto	lugar oculto (1)
κτήτωρ	1	dueños	poseedores (1)
κυβέρνησις	1	administrar	manejos (1)
κυβεία	1	astucia	juego de dados (1)
κωμόπολις	1	aldeas	villas (1)
κῶλον	1	cuerpos	cadáveres (1)
λίψ	1	suroeste	sudeste (viento) (1)
λαμπρῶς	1	con esplendor	brillantemente (1)
λειτουργικός	1	ministrar	perteneciente a servicio público (1)
λεῖμμα	1	remanente	resto dejado (1)
λιθόστρωτος	1	Enlosado	Empedrado (1)
λυτρωτής	1	redentor	rescatador (1)
λύσις	1	partir	desatadura (1)
λῆρος	1	locura	habla sin sentido (1)
μαθήτρια	1	discípulo	aprendiz (1)
μαντεύομαι	1	adivinando	estando en furioso éxtasis (1)
μαραίνω	1	marchitarse	será desvanecido (1)
ματαιολογία	1	palabrería	habla vana (1)
ματαιόω	1	volverse vanos	fueron envanecidos (1)
μεγαλοπρεπής	1	majestuoso	magnífico (1)
μεριστής	1	repartidor	encargado de dividir (1)
μεσιτεύω	1	garantizado	medió (1)
μετακινέω	1	ser removido	habiendo sido movidos a otra parte (1)
μετατρέπω	1	volverse	sea convertido (1)
μετοχή	1	sociedad	compañerismo (1)
μετρίως	1	un poco	medidamente (1)
μετρητής	1	metretas	medida (1)
μετριοπαθέω	1	ser paciente	estar tratando con moderación (1)
μηκύνω	1	crecer	esté siendo alargada (1)
μισθαποδότης	1	galardonador	devolvedor de recompensa (1)
μνήμη	1	memoria perpetua	mención (1)
μυρίζω	1	ungir	poner aceite perfumado (1)
μυωπάζω	1	ser corto de vista	estando cerrando parcialmente los ojos (1)
μῶμος	1	manchas	tachas (1)
νή	1	tan cierto como	por (1)
ναῦς	1	vaso	nave (1)
νεφρός	1	afectos	riñones (1)
νηπιάζω	1	ser niños	estén siendo pequeñuelos (1)
νιπτήρ	1	vasija	palangana (1)
νομοθέτης	1	legislador	colocador de ley (1)
νοσέω	1	malsano	estando mentalmente enfermo (1)
νουνεχῶς	1	sabiamente	inteligentemente (1)
ξέστης	1	vasos	cántaros (1)
οἰκετεία	1	casa	servidumbre doméstica (1)
οἰκοδόμος	1	edificador	constructores (1)
οἰνοφλυγία	1	embriaguez	excesos con vino (1)
οἴκημα	1	celda	habitación (de la prisión) (1)
οὐά	1	¡ah!	Bah (1)
οὐκοῦν	1	entonces	¿Así que (1)
πάρεσις	1	paciencia	dejar pasar al lado (1)
πάροδος	1	pasajero	camino al lado de (1)
πέριξ	1	circundante	de todo alrededor (1)
πίμπρημι	1	encenderse	estar hinchando (1)
παθητός	1	padecer	sujeto a sufrimiento (1)
παιδάριον	1	niñito	muchachito (1)
παλαιότης	1	en vejez	a (modo) viejo (1)
παμπληθεί	1	todos juntos	plena multitud (1)
πανδοχεύς	1	mesonero	encargado de alojamiento público (1)
πανδοχεῖον	1	mesón	alojamiento público (1)
πανοῦργος	1	astuto	obrador de todo (1)
παράλιος	1	costa	(región) marítima (1)
παράσημος	1	con la enseña de	a insignia (1)
παραβάλλω	1	llegar	arrojamos al lado de (1)
παραδειγματίζω	1	exponer a vituperio	estando exhibiendo públicamente (1)
παραθεωρέω	1	ser desatendidas	estaban siendo pasados por alto (1)
παρακαλύπτω	1	velado	ha sido cubierta completamente (1)
παραλλαγή	1	variación	cambio de posición (1)
παρανομία	1	transgresión	ilegalidad (1)
παραπίπτω	1	caer	habiendo caído al lado de (1)
παραπικραίνω	1	rebelarse	provocaron amargura? (1)
παρατείνω	1	continuar	estaba extendiendo al lado de (1)
παρατυγχάνω	1	encuentro	estando concurriendo casualmente (1)
παρεισφέρω	1	introducir	habiendo añadido además (1)
παρεμβάλλω	1	rodear	arrojarán al lado de (1)
παρενοχλέω	1	molestar	estar perturbando (1)
παροργισμός	1	ira	provocación a cólera (1)
παροτρύνω	1	incitar	alborotaron escandalosamente (1)
παρόμοιος	1	como	semejantes (1)
πενιχρός	1	pobre	necesitada (1)
περιδέω	1	ceñido	había sido puesto alrededor (1)
περιεργάζομαι	1	ser entremetidos	estando caminando alrededor (1)
περικάθαρμα	1	escoria	(desecho) limpiado de todo alrededor (1)
περικρατής	1	dominio	apoderados completamente (1)
περιμένω	1	aguardar	estar permaneciendo alrededor de (1)
περιούσιος	1	escogido especialmente	propiamente suyo (1)
περιπείρω	1	traspasar	agujerearon alrededor (1)
περιτρέπω	1	volverse	está girando alrededor (1)
πιότης	1	savia	grosura (1)
πλάσμα	1	lo formado	cosa moldeada (1)
πλαστός	1	con fingidas	a moldeadas (1)
πλησμονή	1	indulgencia	satisfacción (1)
πολύσπλαγχνος	1	lleno de compasión	teniendo muchas entrañas (1)
πραγματεία	1	asuntos	negocios (1)
πρεσβῦτις	1	anciano	Mujeres de mayor edad (1)
προέχω	1	ser mejores	¿Estamos teniendo hacia adelante? (1)
προαύλιον	1	pórtico	vestíbulo exterior (1)
προβιβάζω	1	instigado	habiendo sido incitada (1)
προβλέπω	1	planear	habiendo previsto (1)
προδίδωμι	1	dar primero	dio de antemano (1)
προθύμως	1	con anhelo	dispuestamente (1)
προμελετάω	1	premeditar	estar pensando de antemano (1)
προσαγορεύω	1	designado	Habiendo sido llamado específicamente (1)
προσαναβαίνω	1	subir	da pasos hacia arriba hacia (1)
προσεργάζομαι	1	producir	se trabajó más hacia (1)
προσκεφάλαιον	1	cabezal	almohada (1)
προσκλίνω	1	unirse	fueron adheridos hacia (1)
προσκληρόω	1	unirse	fueron asignados por suertes (1)
προσκολλάω	1	unirse	será adherido (2)
προσκοπή	1	obstáculo	causa de tropiezo (1)
προσορμίζω	1	arrastrar a tierra	fueron anclados hacia (1)
προσπήγνυμι	1	crucificar	habiendo fijado hacia (1)
προσποιέω	1	aparecer	pretendió (1)
προσπορεύομαι	1	subir	estando yendo en camino hacia (1)
προστάτις	1	protectora	defensora (1)
προσφάγιον	1	pez	comestible acompañante (1)
προσφιλής	1	amable	inductoras a cariño (1)
προτείνω	1	extenderse	estiraron atado hacia (1)
προτρέπω	1	animar	habiendo girado hacia sí (1)
προφθάνω	1	anticipar	(se) adelantó (1)
προχειροτονέω	1	escogido de antemano	han sido previamente a mano designados (1)
πρωτεύω	1	tener la preeminencia	estando poseyendo el primer lugar (1)
πρωτοστάτης	1	guía	uno que se pone de pie primerísimo (1)
πρόδρομος	1	precursor	corredor delantero (1)
πρόσφατος	1	nuevo	recién muerto (1)
πρόσχυσις	1	rociamiento	vertimiento hacia (1)
πτωχεύω	1	empobrecerse	llegó a ser pobre (1)
πτόησις	1	consternación	causa de terror (1)
πυγμή	1	cuidadosamente	a puño (1)
πυκτεύω	1	pelear	estoy golpeando con puño (1)
πότος	1	orgías	sesiones de bebidas (1)
πύρινος	1	ardiente	de fuego (1)
σάλος	1	oleaje	de agitación (1)
σήπω	1	pudrirse	(se) ha podrido (1)
σίκερα	1	licor	bebida fuerte (1)
σαίνω	1	conmoverse	estar siendo oscilado (1)
σαργάνη	1	canasta	cesta de mimbre (1)
σημειόω	1	notar	estén poniendo señal para sí (1)
σητόβρωτος	1	comido de polilla	apolilladas (1)
σθενόω	1	fortalecer	hará fuertes (1)
σικάριος	1	sicario	portadores de las dagas? (1)
σιτομέτριον	1	ración	medida de grano? (1)
σκευή	1	aparejo	equipo de utensilios (1)
σκῦλον	1	saquear	botínes (1)
σορός	1	féretro	urna mortuoria (1)
σπεκουλάτωρ	1	verdugo	a uno de la guardia (1)
σπερμολόγος	1	palabrero	recogedor de semillas (1)
στάμνος	1	vasija	jarra (1)
στίλβω	1	resplandeciente	estando reluciendo (1)
στιγμή	1	momento	punto (1)
στρατόπεδον	1	campamentos	ejércitos acampados (1)
στρῆνος	1	sensualidad	lujo sin rienda (1)
συγκάμπτω	1	encorvada	doblar juntamente (1)
συγκαταβαίνω	1	descender también	habiendo dado pasos hacia abajo juntamente (1)
συγκινέω	1	alborotar	Agitaron juntamente (1)
συγκομίζω	1	sepultar	Llevaron juntamente (1)
συγκυρία	1	azar	coincidencia (1)
συγχράομαι	1	tener trato	están usando juntos (1)
συλάω	1	despojar	robé (1)
συλλυπέω	1	entristecerse	siendo hondamente contristado (1)
συμμαθητής	1	condiscípulos	coaprendices (1)
συμπίπτω	1	caer	cayó completamente (1)
συμπαθής	1	compasivo	con simpatía (1)
συμπαραγίνομαι	1	reunirse	habiendo llegado a ser al lado de juntamente (1)
συμπρεσβύτερος	1	anciano también	coanciano (1)
συνέπομαι	1	acompañar	Estaba siguiendo con (1)
συνδρομή	1	tropel	correr juntamente (1)
συνηλικιώτης	1	contemporáneos	juntamente de (misma) edad (1)
συνθρύπτω	1	partir	estando quebrantando (1)
συνοδεύω	1	viajar con	estando yendo en compañía (1)
συνομορέω	1	contiguo	estando teniendo límite junto (1)
συντέμνω	1	traer rápidamente	estando cortando corto (1)
συντυγχάνω	1	obtener	encontrar(se) con (1)
συνυποκρίνομαι	1	actuar con hipocresía	fueron hechos simular juntamente (1)
συνυπουργέω	1	unir	estando cooperando bajo (1)
συνωδίνω	1	gemir a una	está en dolor juntamente (1)
συνωμοσία	1	complot	juramento juntos (1)
σφάγιον	1	animales sacrificados	víctimas (1)
σφοδρῶς	1	violentamente	Vehementemente (1)
σωφρονίζω	1	enseñar	estén haciendo de mente sana (1)
σωφρόνως	1	discretamente	con recto juicio de mente (1)
σύμφυτος	1	unido	plantados juntamente (1)
σύμψυχος	1	unánimes	juntos en alma (1)
σύντριμμα	1	ruina	quebrantamiento (1)
τήκω	1	deshacerse	está siendo fundido (1)
τίνω	1	padecer	pagarán la pena (1)
ταλαιπωρέω	1	entristecerse	Aflíjanse con su miseria (1)
τεκνογονία	1	maternidad	tener hijos (1)
τελείως	1	plenamente	completamente (1)
τελειωτής	1	consumador	completador (1)
τελεσφορέω	1	madurar	están llevando a completación (1)
τελευτή	1	muerte	final (1)
τηλαυγῶς	1	claramente	lejos radiantemente (1)
τιμιότης	1	riqueza	preciosidad (1)
τοιόσδε	1	como sigue	de tal (voz) (1)
τολμητής	1	osado	Atrevidos (1)
τοῖχος	1	muro	pared (1)
τρίζω	1	crujir	está rechinando (1)
τραχηλίζω	1	desnudo	ha sido (como) garganta expuesta (1)
τροπή	1	de variación	giro (1)
τροφός	1	nodriza	madre (1)
τροχός	1	carrera	rueda (1)
τρυμαλιά	1	ojo	agujero (1)
τυμπανίζω	1	ser atormentados	fueron golpeados salvajemente con varas (1)
τυφωνικός	1	tempestuoso	huracanado (1)
φάραγξ	1	valle	barranco (1)
φάσις	1	informe	aviso (1)
φίλανδρος	1	amadoras de sus maridos	encariñadas a esposos (1)
φαντάζω	1	manifestación	estando siendo hecho ser aparecido (1)
φαντασία	1	pompa	apariencia (1)
φανός	1	linternas	antorchas (1)
φιλαργυρία	1	amor al dinero	cariño a (la) plata (1)
φιλονεικία	1	disputa	fuerte altercado (1)
φιλοφρόνως	1	hospitalariamente	amistoso de mente (1)
φιλόνεικος	1	contencioso	encariñado a altercado (1)
φιλόστοργος	1	consagrado	tiernamente cariñosos (1)
φρίσσω	1	temblar	están erizándose (1)
φραγέλλιον	1	azote	flagelo (1)
φρεναπάτης	1	engañador	seductores de la mente (1)
φρεναπατάω	1	engañar	está mentalmente descarriando (1)
φροντίζω	1	cuidar	estén poniendo la mente (1)
φυσίωσις	1	vanidad	hinchazones (1)
φόβητρον	1	cosas espantosas	vistas aterradoras (1)
χάραξ	1	barrera	empalizada de estacas puntiagudas (1)
χάσμα	1	abismo	sima (1)
χαλκίον	1	utensilios	vasos de cobre (1)
χλευάζω	1	burlarse	estaban mofando (1)
χολάω	1	enojarse	están biliando (1)
χρήσιμος	1	provechoso	útil (1)
χρηστεύομαι	1	ser benigno	estando siendo agradablemente bueno (1)
χόρτασμα	1	sustento	alimentos (1)
ψιθυρισμός	1	chisme	murmuraciones solapadas (1)
ψιθυριστής	1	chismosas	murmuradores solapados (1)
ψώχω	1	restregar	estando frotando (1)
ἀγγέλλω	1	traer noticia	estando llevando mensaje (1)
ἀγγεῖον	1	vasos	receptáculos (1)
ἀγενής	1	de baja condición	innobles (1)
ἀγράμματος	1	sin letras	iletrados (1)
ἀγρεύω	1	sorprender	capturen (1)
ἀδάπανος	1	gratuitamente	sin costo (1)
ἀδήλως	1	sin rumbo	de manera incierta (1)
ἀδηλότης	1	incertidumbre	no evidentes (1)
ἀδιάκριτος	1	imparcial	no juzgando distintivamente (a parcialidad) (1)
ἀκλινής	1	firmemente	sin titubear (1)
ἀκμήν	1	todavía	¿Aún (1)
ἀλάλητος	1	inefable	no hablados (1)
ἀλληγορέω	1	alegorizar	estando siendo hecho drama simbólico (1)
ἀλλογενής	1	extranjero	otra raza (1)
ἀλλοτριεπίσκοπος	1	entremetido	supervisor de (asuntos de) otro (1)
ἀλλόφυλος	1	a un extranjero	de otra tribu (1)
ἀλυσιτελής	1	inútil	no impuesto pagable benefiable (1)
ἀμάω	1	segar	habiendo cosechado (1)
ἀμαθής	1	ignorante	no aprendedores (1)
ἀμετακίνητος	1	inconmovible	inmovibles (1)
ἀμετανόητος	1	no arrepentido	sin cambio de mente (1)
ἀμφιέζω	1	ropa	está vistiendo (1)
ἀμφιβάλλω	1	echar la red	estando arrojando (1)
ἀνάβλεψις	1	vista	ver otra vez (1)
ἀνάλυσις	1	partida	ser disuelto (1)
ἀνένδεκτος	1	imposible	No admisible (1)
ἀνήμερος	1	feroz	indomables (1)
ἀναίδεια	1	insistencia	falta de vergüenza (1)
ἀναίρεσις	1	matar	toma hacia arriba (1)
ἀναβάλλω	1	despojarse	Aplazó (1)
ἀναβιβάζω	1	sacar	habiendo jalado hacia arriba (1)
ἀναβολή	1	demora	dilación (1)
ἀναγκαστῶς	1	por obligación	necesariamente (1)
ἀναδίδωμι	1	entregar	habiendo dado hacia arriba (1)
ἀναζωπυρέω	1	avivar	estar volviendo a encender (1)
ἀναθάλλω	1	revivir	hicieron florecer otra vez (1)
ἀνακαινίζω	1	restaurar	estar renovando (1)
ἀναμένω	1	aguardar	estar permaneciendo hacia arriba (1)
ἀνανήφω	1	volver en sí	vuelvan a la sobriedad (1)
ἀναντίρρητος	1	innegable	Incontradecible (1)
ἀναπηδάω	1	levantarse	habiendo puesto de pie de un salto (1)
ἀναρίθμητος	1	innumerable	sin número (1)
ἀνασκευάζω	1	trastornar	estando subvirtiendo (1)
ἀνασταυρόω	1	crucificar	estando fijando en madero de ejecución otra vez (1)
ἀναφωνέω	1	gritar	emitió voz alta (1)
ἀναψύχω	1	confortar	refrescó de nuevo (1)
ἀνδροφόνος	1	para homicidas	a asesinos de varones (1)
ἀνεξίκακος	1	tolerante	siendo reprimido bajo el mal (1)
ἀνεψιός	1	primo	sobrino (1)
ἀνθομολογέομαι	1	alabar	estaba respondiendo dando gracias (1)
ἀνταπόδοσις	1	recompensa	remuneración (1)
ἀντιβάλλω	1	cambiar	están echando en intercambio (1)
ἀντιδιατίθημι	1	oponerse	estando poniéndose por completo a sí mismos en contra (1)
ἀντικαθίστημι	1	resistir	han yacido en contra (1)
ἀντικαλέω	1	convidar a su vez	llamen en cambio de (1)
ἀντιπίπτω	1	resistir	estando cayendo en contraposición (1)
ἀνωτερικός	1	superior	más arriba (1)
ἀπέκδυσις	1	remoción	eliminación desde uno (1)
ἀπέραντος	1	interminable	inconclusas (1)
ἀπαίδευτος	1	ignorante	no instruídas (1)
ἀπαράβατος	1	permanente	intransmisible (1)
ἀπαρασκεύαστος	1	desprevenido	sin preparación (1)
ἀπαρτισμός	1	conclusión	terminación? (1)
ἀπελαύνω	1	impulsar	expulsó (1)
ἀποθλίβω	1	esforzarse por entrar	están oprimiendo completamente (1)
ἀποκλείω	1	cerrar	cierre (1)
ἀπομάσσω	1	sacudir	estamos limpiándonos restregando (1)
ἀπονέμω	1	dar	estando asignando (1)
ἀποπίπτω	1	caer	cayeron desde (1)
ἀπορφανίζω	1	quedar sin	habiendo sido hechos huérfanos (1)
ἀποστεγάζω	1	quitar	destecharon (1)
ἀποστοματίζω	1	hacer hablar	estar acosando boca (1)
ἀποτολμάω	1	ser muy osado	está hablando resueltamente (1)
ἀποτρέπω	1	apartarse de	estés volviéndote alejándote (1)
ἀπόβλητος	1	ser rechazado	arrojado hacia fuera (1)
ἀπόκριμα	1	sentencia	desición judicial (1)
ἀρτέμων	1	vela de proa	trinquete (1)
ἀρχιτέκτων	1	perito arquitecto	jefe de artífice (1)
ἀσκέω	1	esforzarse	(me) estoy ejercitando (1)
ἀσμένως	1	de buena gana	con gozo (1)
ἀσχήμων	1	menos decoroso	indecorosas (1)
ἀσύμφωνος	1	discorde	desentonados (1)
ἀσώτως	1	perdidamente	disolutamente (1)
ἀτακτέω	1	estar ociosos	nos comportamos desordenamente (1)
ἀφανής	1	oculto	no manifiesta (1)
ἀφελότης	1	sinceridad	sencillez (1)
ἀφικνέομαι	1	alcanzar	vino desde (1)
ἀφυπνόω	1	dormirse	(se) durmió (1)
ἀχλύς	1	neblina	niebla espesa (1)
ἁγνισμός	1	purificación	limpieza (1)
ἁδρότης	1	abundancia	liberalidad (1)
ἁρμόζω	1	desposar	comprometí (1)
ἄγγος	1	vasos	receptáculos (1)
ἄδολος	1	puro	no adulterada (1)
ἄκρατος	1	puro	sin diluír (1)
ἄκων	1	de mala gana	no voluntario (1)
ἄναλος	1	insípida	carente de sal (1)
ἄνοιξις	1	abrir	apertura (1)
ἄπειρος	1	inexperto	sin experiencia (1)
ἄπταιστος	1	de caída	sin dar traspié (1)
ἄσοφος	1	insensato	imprudentes (1)
ἄσπονδος	1	implacable	sin tregua (1)
ἄτακτος	1	rebelde	desordenados (1)
Ἀρφαξάδ	1	de Arfaxad	Arpaksad (1)
Ἄζωτος	1	Azoto	Asdod (1)
ἐγκάθετος	1	espía	acechadores contratados (1)
ἐγκατοικέω	1	morada	habitando entre (1)
ἐγκομβόομαι	1	ceñirse	cíñanse anudando (con cinto blanco de siervo) (1)
ἐγκοπή	1	impedimento	obstáculo (1)
ἐγκρίνω	1	clasificar	juzgar entre (1)
ἐγκρατής	1	disciplinado	que tenga autodominio (1)
ἐγχρίω	1	ungir	untar (1)
ἐθνικῶς	1	como gentil	nacionalmente (1)
ἐκβαίνω	1	salir	dieron pasos hacia fuera (1)
ἐκβολή	1	echazón	arrojamiento hacia fuera (1)
ἐκδιώκω	1	expulsar	habiendo perseguido hacia fuera (1)
ἐκζήτησις	1	especulaciones	búsquedas (de investigación) (1)
ἐκθαυμάζω	1	asombrarse	estaban maravillando (1)
ἐκλαλέω	1	decir	hablar hacia fuera (1)
ἐκπερισσῶς	1	enfáticamente	más abundantemente (1)
ἐκπλήρωσις	1	cumplimiento	lleno a plenitud (1)
ἐκπληρόω	1	cumplir	ha llenado a plenitud por completo (1)
ἐκπορνεύω	1	fornicar	habiendo cometido inmoralidad sexual con exceso (1)
ἐκπτύω	1	desechar con desprecio	escupieron hacia fuera (1)
ἐκστρέφω	1	corromperse	ha sido vuelto al revés (1)
ἐκτένεια	1	diligencia	constante (1)
ἐκταράσσω	1	molestar en extremo	están agitando completamente (1)
ἐκφοβέω	1	asustar	estar aterrando (1)
ἐκχωρέω	1	salir	estén partiendo hacia fuera (1)
ἐλαττονέω	1	tener falta	tuvo menos (1)
ἐλεγμός	1	convicción	puesta al descubierto (1)
ἐμέω	1	escupir	vomitar (1)
ἐμβάλλω	1	echar	arrojar en (1)
ἐμβατεύω	1	exponer por orden	estando poniendo de pie dentro (1)
ἐμβιβάζω	1	poner	hizo ir en (1)
ἐνδέχομαι	1	ser posible	está siendo admisible (1)
ἐνδύνω	1	entrar	estando metiendo sigilosamente (1)
ἐντρέφω	1	ser alimentado	estando siendo nutrido (1)
ἐντρυφάω	1	orgía	estando viviendo en lujo (1)
ἐνωτίζομαι	1	prestar atención a	den oído (1)
ἐξαίρω	1	expulsar	Alcen hacia fuera (1)
ἐξαιτέω	1	pedir con insistencia	demandó (1)
ἐξανάστασις	1	resurrección	levantamiento hacia fuera (1)
ἐξαστράπτω	1	resplandecer	estando brillando (1)
ἐξηχέω	1	resonar	ha sido divulgada (1)
ἐξισχύω	1	ser plenamente capaz	sean fuertes suficientemente (1)
ἐξορκίζω	1	conjurar	Estoy poniendo bajo juramento (1)
ἐξορκιστής	1	exorcista	expulsadores de demonios (1)
ἐξοχή	1	prominencia	eminentes (1)
ἐπίλυσις	1	interpretación	desatadura (1)
ἐπίνοια	1	intención	pensamiento designado (1)
ἐπίορκος	1	perjuro	a quebrantadores de juramentos (1)
ἐπαγωνίζομαι	1	contender ardientemente	estar luchando vigorozamente agonizando sobre (1)
ἐπακούω	1	escuchar	oí sobre (1)
ἐπακροάομαι	1	escuchar	estaban oyendo completamente (1)
ἐπανόρθωσις	1	corrección	rectificación completa (1)
ἐπειδήπερ	1	por cuanto	Puesto que (1)
ἐπενδύτης	1	manto	túnica (1)
ἐπερώτημα	1	exigir	solicitud (1)
ἐπιγαμβρεύω	1	casarse	tomará en matrimonio (1)
ἐπιδιατάσσομαι	1	añadir	está poniendo orden sobre (1)
ἐπιδιορθόω	1	poner en orden	hicieras rectas completamente (1)
ἐπικαλύπτω	1	ser cubiertos	fueron encubiertos (1)
ἐπικρίνω	1	sentenciar	decidió (1)
ἐπιπλήσσω	1	reprender	golpees (con habla) sobre (1)
ἐπιποθία	1	gran deseo	anhelo (1)
ἐπιπορεύομαι	1	venir	estando yendo sobre camino (1)
ἐπισκηνόω	1	reposar	cubra con tienda (1)
ἐπισκοπέω	1	observar	Estando mirando sobre (1) · estando mirando sobre (1)
ἐπιστομίζω	1	hacer callar	estar tapando la boca (1)
ἐπιστροφή	1	conversión	retorno (1)
ἐπισυντρέχω	1	agolparse	está corriendo juntando (1)
ἐπισφαλής	1	peligroso	arriesgada (1)
ἐπιτιμία	1	castigo	reprensión (1)
ἐπιφανής	1	glorioso	manifiesto (1)
ἐπιφαύσκω	1	alumbrar	resplandecerá sobre (1)
ἐπιχρίω	1	ungido	untó sobre (2)
ἐρίζω	1	contender	reñirá (1)
ἐρείδω	1	encallar	habiendo hincado firmemente (1)
ἐρεύγομαι	1	proferir	declararé abiertamente (1)
ἐφφαθά	1	Efata	Éffatha (1)
ἑδραίωμα	1	vil	soporte (1)
ἑκάστοτε	1	en todo tiempo	cada momento (1)
ἑκούσιος	1	disposición	voluntario (1)
ἑλκόω	1	estar lleno de llagas	ha sido ulcerado (1)
ἑορτάζω	1	celebrar la fiesta	estemos guardando (1)
ἑτέρως	1	de otra manera	diferentemente (1)
ἑτοιμασία	1	prontitud	preparación (1)
ἔγγυος	1	garantía	fiador (1)
ἔγερσις	1	resurrección	levantamiento (1)
ἔδαφος	1	tierra	suelo (1)
ἔκδηλος	1	llanura	completamente evidente (1)
ἔκθαμβος	1	muy asombrado	atónitos fuera de sí (1)
ἔκθετος	1	abandonar	exponer (1)
ἔλεγξις	1	reprensión	Censura (1)
ἔνδειγμα	1	señal evidente	demostración (1)
ἔνδυσις	1	vestirse	investidura (1)
ἔξυπνος	1	despertar	Hacia fuera de sueño (1)
ἔπαυλις	1	morada	habitación campestre (1)
ἔπος	1	palabra	por decirlo así (1)
Ἐμμανουήλ	1	Emanuel	Emmanuel (1)
ἠχέω	1	sondear	estando haciendo estruendo (1)
ἡγεμονία	1	reinar	gobernación (1)
ἤτοι	1	si	ya sea (1)
ἦθος	1	costumbres	hábitos (1)
ἰσάγγελος	1	como ángeles	igual a mensajeros (1)
ἰσόψυχος	1	del mismo sentir	igual alma (1)
ἱεροπρεπής	1	reverente	propios de consagrada (1)
ἱππικός	1	caballería	jinete (1)
ἱστορέω	1	conocer	visitar para inquirir (1)
ἴσως	1	quizá	igualmente (1)
Ἰωδά	1	de Judá	Jodá (1)
ὀκνέω	1	tardar	seas lento (1)
ὀλιγωρέω	1	menospreciar	estés teniendo en poco (1)
ὀλιγόψυχος	1	pusilánime	desanimados (1)
ὀλολύζω	1	lamento	estando aullando (1)
ὀμίχλη	1	nieblas	nubes (1)
ὀνάριον	1	pollino	asno joven (1)
ὀνίνημι	1	tener provecho	podría aprovechar (1)
ὀρθοτομέω	1	manejar con precisión	estando cortando derecho (1)
ὀρθρίζω	1	venir muy de mañana	estaba viniendo temprano (1)
ὀρθρινός	1	temprano	de madrugada (1)
ὀφρῦς	1	cumbre	peñasco (1)
ὀχλέω	1	ser atormentado	estando siendo perturbados (1)
ὀχλοποιέω	1	reunir una multitud	habiendo hecho chusma (1)
ὁμιλία	1	compañías	asociaciones (1)
ὁμόφρων	1	de un solo ánimo	misma mente (1)
ὄζω	1	heder	está oliendo mal (1)
ὄμβρος	1	aguacero	Tormenta (1)
ὄνειδος	1	deshonra	oprobio (1)
ὄρεξις	1	deseo	lascivia (1)
ὄψιμος	1	postrero	tardía (lluvia) (1)
ὅρμημα	1	con violencia	lanzamiento veloz (1)
ὑγρός	1	verde	húmedo (1)
ὑπέρακμος	1	pasada la edad	sobrepasado el punto más alto (1)
ὑπέχω	1	sufrir	estando teniendo bajo (1)
ὑπείκω	1	someterse	estén cediendo debajo (1)
ὑπερβαίνω	1	ir más allá	estar dando pasos por encima (1)
ὑπερεντυγχάνω	1	interceder	está haciendo petición a favor de (nosotros) (1)
ὑπερηφανία	1	orgullo	apariencia de superioridad (1)
ὑπερνικάω	1	ser más que vencedores	estamos ganando victoria completa (1)
ὑπερυψόω	1	exaltado hasta lo sumo	puso muy por encima (1)
ὑπερφρονέω	1	ser altivo	estar pensando más (de sí) (1)
ὑποβάλλω	1	sobornar	pusieron debajo (1)
ὑπογραμμός	1	ejemplo	(como) escrito (para imitar) debajo (1)
ὑποζώννυμι	1	refuerzo	estar ciñendo por debajo (1)
ὑπολείπω	1	quedar	fuí dejado atrás (1)
ὑποτρέχω	1	navegar al abrigo de	habiendo corrido debajo (1)
ὑπόλειμμα	1	remanente	dejado atrás (1)
ὕπανδρος	1	casado	sujeta a esposo (1)
ὗς	1	puerca	cerda (1)
ῥέω	1	correr	fluirá (1)
ῥιπίζω	1	ser llevado por el viento	estando siendo arrojado de un lado a otro (1)
ῥυπαρία	1	inmundicia	suciedad (1)
ῥώννυμι	1	adiós	Han sido en buena salud (1)
ῥᾳδιουργία	1	oficio	negligencia maligna (1)
ῥᾳδιούργημα	1	crimen	acto temerario indolente (1)
ῥῆγμα	1	ruina	rotura (1)
ἆρα	0	(partícula que espera respuesta negativa)	¿Realmente (3)
